{
    "environment": {
        "allocator": "legacy",
        "repetitions": 15,
        "commit": "e8b9366ad768d4871fa04887cc0dee3269797cc9",
        "binary_sha256": "ad3ed77ef41feb8d8dee127668067e7676ed268f744f8f0c45a89b16dd2530bb"
    },
    "results": [
        {
            "bytes": 1024,
            "elements": 256,
            "cold_ms": 0.40546,
            "operation": {
                "min_ms": 0.04213,
                "p25_ms": 0.043340000000000004,
                "median_ms": 0.044,
                "p75_ms": 0.083325,
                "max_ms": 0.18931,
                "samples_ms": [
                    0.04213,
                    0.04257,
                    0.0429,
                    0.04323,
                    0.04345,
                    0.04356,
                    0.044,
                    0.044,
                    0.04422,
                    0.04422,
                    0.07744,
                    0.08921,
                    0.10208,
                    0.16511,
                    0.18931
                ]
            },
            "destruction": {
                "min_ms": 0.00187,
                "p25_ms": 0.00198,
                "median_ms": 0.00198,
                "p75_ms": 0.00264,
                "max_ms": 0.0066,
                "samples_ms": [
                    0.00187,
                    0.00198,
                    0.00198,
                    0.00198,
                    0.00198,
                    0.00198,
                    0.00198,
                    0.00198,
                    0.00198,
                    0.00209,
                    0.00231,
                    0.00297,
                    0.00319,
                    0.00528,
                    0.0066
                ]
            }
        },
        {
            "bytes": 1048576,
            "elements": 262144,
            "cold_ms": 0.65494,
            "operation": {
                "min_ms": 0.43747,
                "p25_ms": 0.473055,
                "median_ms": 0.50688,
                "p75_ms": 0.54989,
                "max_ms": 1.19603,
                "samples_ms": [
                    0.43747,
                    0.4455,
                    0.44649,
                    0.46552,
                    0.48059,
                    0.48818,
                    0.49665,
                    0.50688,
                    0.51051,
                    0.5313,
                    0.53493,
                    0.56485,
                    0.6215,
                    0.89474,
                    1.19603
                ]
            },
            "destruction": {
                "min_ms": 0.14817,
                "p25_ms": 0.16885,
                "median_ms": 0.18612,
                "p75_ms": 0.207625,
                "max_ms": 0.31416,
                "samples_ms": [
                    0.14817,
                    0.16093,
                    0.16522,
                    0.16599,
                    0.17171,
                    0.18029,
                    0.18568,
                    0.18612,
                    0.18744,
                    0.18821,
                    0.20713,
                    0.20812,
                    0.24299,
                    0.25817,
                    0.31416
                ]
            }
        },
        {
            "bytes": 4194304,
            "elements": 1048576,
            "cold_ms": 2.12421,
            "operation": {
                "min_ms": 0.93005,
                "p25_ms": 1.0146950000000001,
                "median_ms": 1.06073,
                "p75_ms": 1.11837,
                "max_ms": 2.01652,
                "samples_ms": [
                    0.93005,
                    0.96349,
                    0.98626,
                    1.00474,
                    1.02465,
                    1.03785,
                    1.04918,
                    1.06073,
                    1.07085,
                    1.09703,
                    1.10627,
                    1.13047,
                    1.15995,
                    1.18327,
                    2.01652
                ]
            },
            "destruction": {
                "min_ms": 0.13266,
                "p25_ms": 0.14586,
                "median_ms": 0.154,
                "p75_ms": 0.17341499999999999,
                "max_ms": 0.21505,
                "samples_ms": [
                    0.13266,
                    0.13519,
                    0.14311,
                    0.14344,
                    0.14828,
                    0.15213,
                    0.15345,
                    0.154,
                    0.15466,
                    0.15499,
                    0.1595,
                    0.18733,
                    0.19866,
                    0.21494,
                    0.21505
                ]
            }
        },
        {
            "bytes": 16777216,
            "elements": 4194304,
            "cold_ms": 3.16228,
            "operation": {
                "min_ms": 1.9712,
                "p25_ms": 2.03203,
                "median_ms": 2.0889,
                "p75_ms": 2.258575,
                "max_ms": 2.7731,
                "samples_ms": [
                    1.9712,
                    1.98539,
                    1.99353,
                    2.02565,
                    2.03841,
                    2.08428,
                    2.08758,
                    2.0889,
                    2.10441,
                    2.14335,
                    2.14632,
                    2.37083,
                    2.37545,
                    2.51779,
                    2.7731
                ]
            },
            "destruction": {
                "min_ms": 0.30305,
                "p25_ms": 0.33055,
                "median_ms": 0.36575,
                "p75_ms": 0.462495,
                "max_ms": 0.62601,
                "samples_ms": [
                    0.30305,
                    0.30448,
                    0.31031,
                    0.3124,
                    0.3487,
                    0.34969,
                    0.35453,
                    0.36575,
                    0.38676,
                    0.40469,
                    0.44121,
                    0.48378,
                    0.51557,
                    0.53537,
                    0.62601
                ]
            }
        },
        {
            "bytes": 67108864,
            "elements": 16777216,
            "cold_ms": 11.88495,
            "operation": {
                "min_ms": 5.48295,
                "p25_ms": 5.603125,
                "median_ms": 5.79513,
                "p75_ms": 11.550989999999999,
                "max_ms": 12.10132,
                "samples_ms": [
                    5.48295,
                    5.49593,
                    5.59295,
                    5.59922,
                    5.60703,
                    5.67897,
                    5.71384,
                    5.79513,
                    5.81581,
                    11.26763,
                    11.48224,
                    11.61974,
                    11.68321,
                    11.73634,
                    12.10132
                ]
            },
            "destruction": {
                "min_ms": 0.19261,
                "p25_ms": 0.213345,
                "median_ms": 0.24398,
                "p75_ms": 0.25712500000000005,
                "max_ms": 7.50002,
                "samples_ms": [
                    0.19261,
                    0.19921,
                    0.20801,
                    0.20889,
                    0.2178,
                    0.22616,
                    0.24332,
                    0.24398,
                    0.24937,
                    0.2519,
                    0.25641,
                    0.25784,
                    0.29887,
                    0.49093,
                    7.50002
                ]
            }
        }
    ]
}
