{
    "environment": {
        "allocator": "auto",
        "repetitions": 15,
        "commit": "e8b9366ad768d4871fa04887cc0dee3269797cc9",
        "binary_sha256": "ad3ed77ef41feb8d8dee127668067e7676ed268f744f8f0c45a89b16dd2530bb"
    },
    "results": [
        {
            "bytes": 1024,
            "elements": 256,
            "cold_ms": 0.16786,
            "operation": {
                "min_ms": 0.03113,
                "p25_ms": 0.052085,
                "median_ms": 0.09933,
                "p75_ms": 0.11330000000000001,
                "max_ms": 0.29304,
                "samples_ms": [
                    0.03113,
                    0.03608,
                    0.04895,
                    0.05192,
                    0.05225,
                    0.05302,
                    0.06666,
                    0.09933,
                    0.09944,
                    0.10274,
                    0.1067,
                    0.1199,
                    0.12023,
                    0.20537,
                    0.29304
                ]
            },
            "destruction": {
                "min_ms": 0.00121,
                "p25_ms": 0.00143,
                "median_ms": 0.00187,
                "p75_ms": 0.00352,
                "max_ms": 0.02079,
                "samples_ms": [
                    0.00121,
                    0.00121,
                    0.00132,
                    0.00143,
                    0.00143,
                    0.00154,
                    0.00154,
                    0.00187,
                    0.00198,
                    0.00198,
                    0.00264,
                    0.0044,
                    0.00451,
                    0.0055,
                    0.02079
                ]
            }
        },
        {
            "bytes": 1048576,
            "elements": 262144,
            "cold_ms": 0.07271,
            "operation": {
                "min_ms": 0.02376,
                "p25_ms": 0.027334999999999998,
                "median_ms": 0.02838,
                "p75_ms": 0.07898,
                "max_ms": 2.45113,
                "samples_ms": [
                    0.02376,
                    0.02585,
                    0.02607,
                    0.0264,
                    0.02827,
                    0.02838,
                    0.02838,
                    0.02838,
                    0.02871,
                    0.03344,
                    0.03696,
                    0.121,
                    0.12155,
                    0.29249,
                    2.45113
                ]
            },
            "destruction": {
                "min_ms": 0.00099,
                "p25_ms": 0.001155,
                "median_ms": 0.00121,
                "p75_ms": 0.0014299999999999998,
                "max_ms": 0.04136,
                "samples_ms": [
                    0.00099,
                    0.0011,
                    0.0011,
                    0.0011,
                    0.00121,
                    0.00121,
                    0.00121,
                    0.00121,
                    0.00121,
                    0.00121,
                    0.00121,
                    0.00165,
                    0.00242,
                    0.00253,
                    0.04136
                ]
            }
        },
        {
            "bytes": 4194304,
            "elements": 1048576,
            "cold_ms": 0.0583,
            "operation": {
                "min_ms": 0.02486,
                "p25_ms": 0.02574,
                "median_ms": 0.0264,
                "p75_ms": 0.02695,
                "max_ms": 0.02915,
                "samples_ms": [
                    0.02486,
                    0.02497,
                    0.02541,
                    0.02552,
                    0.02596,
                    0.02629,
                    0.02629,
                    0.0264,
                    0.02651,
                    0.02684,
                    0.02695,
                    0.02695,
                    0.02717,
                    0.02728,
                    0.02915
                ]
            },
            "destruction": {
                "min_ms": 0.0011,
                "p25_ms": 0.001155,
                "median_ms": 0.00121,
                "p75_ms": 0.00121,
                "max_ms": 0.00132,
                "samples_ms": [
                    0.0011,
                    0.0011,
                    0.0011,
                    0.0011,
                    0.00121,
                    0.00121,
                    0.00121,
                    0.00121,
                    0.00121,
                    0.00121,
                    0.00121,
                    0.00121,
                    0.00132,
                    0.00132,
                    0.00132
                ]
            }
        },
        {
            "bytes": 16777216,
            "elements": 4194304,
            "cold_ms": 0.56375,
            "operation": {
                "min_ms": 0.03883,
                "p25_ms": 0.040315000000000004,
                "median_ms": 0.04125,
                "p75_ms": 0.042075,
                "max_ms": 0.08316,
                "samples_ms": [
                    0.03883,
                    0.03916,
                    0.03938,
                    0.04026,
                    0.04037,
                    0.04048,
                    0.04092,
                    0.04125,
                    0.04169,
                    0.0418,
                    0.0418,
                    0.04235,
                    0.04895,
                    0.06391,
                    0.08316
                ]
            },
            "destruction": {
                "min_ms": 0.00121,
                "p25_ms": 0.001265,
                "median_ms": 0.00132,
                "p75_ms": 0.00132,
                "max_ms": 0.00176,
                "samples_ms": [
                    0.00121,
                    0.00121,
                    0.00121,
                    0.00121,
                    0.00132,
                    0.00132,
                    0.00132,
                    0.00132,
                    0.00132,
                    0.00132,
                    0.00132,
                    0.00132,
                    0.00143,
                    0.00165,
                    0.00176
                ]
            }
        },
        {
            "bytes": 67108864,
            "elements": 16777216,
            "cold_ms": 2.06635,
            "operation": {
                "min_ms": 0.11946,
                "p25_ms": 0.124355,
                "median_ms": 0.12628,
                "p75_ms": 0.16379,
                "max_ms": 0.22033,
                "samples_ms": [
                    0.11946,
                    0.12254,
                    0.12309,
                    0.12375,
                    0.12496,
                    0.12551,
                    0.12606,
                    0.12628,
                    0.12705,
                    0.12826,
                    0.15389,
                    0.17369,
                    0.17798,
                    0.19129,
                    0.22033
                ]
            },
            "destruction": {
                "min_ms": 0.00165,
                "p25_ms": 0.00165,
                "median_ms": 0.00165,
                "p75_ms": 0.001705,
                "max_ms": 0.00176,
                "samples_ms": [
                    0.00165,
                    0.00165,
                    0.00165,
                    0.00165,
                    0.00165,
                    0.00165,
                    0.00165,
                    0.00165,
                    0.00165,
                    0.00165,
                    0.00165,
                    0.00176,
                    0.00176,
                    0.00176,
                    0.00176
                ]
            }
        }
    ]
}
