{
    "environment": {
        "allocator": "auto",
        "repetitions": 15,
        "commit": "3a8f2305a6a4add6dedc1d06169a11ef8930d871",
        "binary_sha256": "3e0f6db73af33b95dcb06bdb6a512f0913df3c6782c1bb091486361bf7bb88b0"
    },
    "results": [
        {
            "bytes": 1024,
            "elements": 256,
            "cold_ms": 0.91102,
            "operation": {
                "min_ms": 0.02541,
                "p25_ms": 0.04048,
                "median_ms": 0.07843,
                "p75_ms": 0.089375,
                "max_ms": 0.13409,
                "samples_ms": [
                    0.02541,
                    0.02585,
                    0.03036,
                    0.03861,
                    0.04235,
                    0.05929,
                    0.077,
                    0.07843,
                    0.08041,
                    0.08514,
                    0.08811,
                    0.09064,
                    0.09779,
                    0.12199,
                    0.13409
                ]
            },
            "destruction": {
                "min_ms": 0.00121,
                "p25_ms": 0.001485,
                "median_ms": 0.00187,
                "p75_ms": 0.002255,
                "max_ms": 0.0198,
                "samples_ms": [
                    0.00121,
                    0.00132,
                    0.00132,
                    0.00143,
                    0.00154,
                    0.00176,
                    0.00187,
                    0.00187,
                    0.00198,
                    0.00198,
                    0.00209,
                    0.00242,
                    0.00242,
                    0.00561,
                    0.0198
                ]
            }
        },
        {
            "bytes": 1048576,
            "elements": 262144,
            "cold_ms": 0.2189,
            "operation": {
                "min_ms": 0.03454,
                "p25_ms": 0.053625,
                "median_ms": 0.09427,
                "p75_ms": 0.169455,
                "max_ms": 0.1936,
                "samples_ms": [
                    0.03454,
                    0.04136,
                    0.04664,
                    0.04664,
                    0.06061,
                    0.06853,
                    0.07535,
                    0.09427,
                    0.1177,
                    0.13343,
                    0.16038,
                    0.17853,
                    0.18557,
                    0.18898,
                    0.1936
                ]
            },
            "destruction": {
                "min_ms": 0.00121,
                "p25_ms": 0.00154,
                "median_ms": 0.00198,
                "p75_ms": 0.0066,
                "max_ms": 0.06303,
                "samples_ms": [
                    0.00121,
                    0.00132,
                    0.00143,
                    0.00154,
                    0.00154,
                    0.00187,
                    0.00198,
                    0.00198,
                    0.00198,
                    0.00539,
                    0.00561,
                    0.00759,
                    0.02442,
                    0.03916,
                    0.06303
                ]
            }
        },
        {
            "bytes": 4194304,
            "elements": 1048576,
            "cold_ms": 0.20097,
            "operation": {
                "min_ms": 0.02552,
                "p25_ms": 0.04697,
                "median_ms": 0.16236,
                "p75_ms": 0.24156,
                "max_ms": 0.60247,
                "samples_ms": [
                    0.02552,
                    0.02871,
                    0.04081,
                    0.04565,
                    0.04829,
                    0.10747,
                    0.14036,
                    0.16236,
                    0.22044,
                    0.2244,
                    0.22825,
                    0.25487,
                    0.30162,
                    0.48686,
                    0.60247
                ]
            },
            "destruction": {
                "min_ms": 0.00121,
                "p25_ms": 0.0014299999999999998,
                "median_ms": 0.00176,
                "p75_ms": 0.009845,
                "max_ms": 0.05401,
                "samples_ms": [
                    0.00121,
                    0.00132,
                    0.00132,
                    0.00132,
                    0.00154,
                    0.00154,
                    0.00154,
                    0.00176,
                    0.0022,
                    0.00231,
                    0.00242,
                    0.01727,
                    0.02893,
                    0.03201,
                    0.05401
                ]
            }
        },
        {
            "bytes": 16777216,
            "elements": 4194304,
            "cold_ms": 0.55165,
            "operation": {
                "min_ms": 0.03498,
                "p25_ms": 0.037015,
                "median_ms": 0.04752,
                "p75_ms": 0.069905,
                "max_ms": 0.10395,
                "samples_ms": [
                    0.03498,
                    0.03542,
                    0.03652,
                    0.03685,
                    0.03718,
                    0.03784,
                    0.04136,
                    0.04752,
                    0.0517,
                    0.05181,
                    0.05324,
                    0.08657,
                    0.09295,
                    0.10318,
                    0.10395
                ]
            },
            "destruction": {
                "min_ms": 0.00121,
                "p25_ms": 0.00121,
                "median_ms": 0.00143,
                "p75_ms": 0.0017599999999999998,
                "max_ms": 0.00264,
                "samples_ms": [
                    0.00121,
                    0.00121,
                    0.00121,
                    0.00121,
                    0.00121,
                    0.00132,
                    0.00132,
                    0.00143,
                    0.00143,
                    0.00154,
                    0.00165,
                    0.00187,
                    0.00231,
                    0.00253,
                    0.00264
                ]
            }
        },
        {
            "bytes": 67108864,
            "elements": 16777216,
            "cold_ms": 2.01179,
            "operation": {
                "min_ms": 0.03597,
                "p25_ms": 0.038005,
                "median_ms": 0.04213,
                "p75_ms": 0.100815,
                "max_ms": 1.57047,
                "samples_ms": [
                    0.03597,
                    0.03608,
                    0.03718,
                    0.03773,
                    0.03828,
                    0.03861,
                    0.04136,
                    0.04213,
                    0.04664,
                    0.05148,
                    0.09922,
                    0.10241,
                    0.18491,
                    0.59972,
                    1.57047
                ]
            },
            "destruction": {
                "min_ms": 0.00121,
                "p25_ms": 0.00121,
                "median_ms": 0.00132,
                "p75_ms": 0.0018700000000000001,
                "max_ms": 0.00517,
                "samples_ms": [
                    0.00121,
                    0.00121,
                    0.00121,
                    0.00121,
                    0.00121,
                    0.00121,
                    0.00121,
                    0.00132,
                    0.00132,
                    0.00143,
                    0.00176,
                    0.00198,
                    0.00264,
                    0.00341,
                    0.00517
                ]
            }
        }
    ]
}
