{
    "environment": {
        "allocator": "legacy",
        "repetitions": 15,
        "commit": "3a8f2305a6a4add6dedc1d06169a11ef8930d871",
        "binary_sha256": "3e0f6db73af33b95dcb06bdb6a512f0913df3c6782c1bb091486361bf7bb88b0"
    },
    "results": [
        {
            "bytes": 1024,
            "elements": 256,
            "cold_ms": 1.13003,
            "operation": {
                "min_ms": 0.16522,
                "p25_ms": 0.16835499999999998,
                "median_ms": 0.17116,
                "p75_ms": 0.17303,
                "max_ms": 0.18304,
                "samples_ms": [
                    0.16522,
                    0.16544,
                    0.16665,
                    0.1672,
                    0.16951,
                    0.1705,
                    0.17105,
                    0.17116,
                    0.17193,
                    0.17259,
                    0.1727,
                    0.17336,
                    0.17369,
                    0.17479,
                    0.18304
                ]
            },
            "destruction": {
                "min_ms": 0.00473,
                "p25_ms": 0.00495,
                "median_ms": 0.00517,
                "p75_ms": 0.0053349999999999995,
                "max_ms": 0.00616,
                "samples_ms": [
                    0.00473,
                    0.00484,
                    0.00484,
                    0.00495,
                    0.00495,
                    0.00495,
                    0.00506,
                    0.00517,
                    0.00517,
                    0.00528,
                    0.00528,
                    0.00539,
                    0.00572,
                    0.00572,
                    0.00616
                ]
            }
        },
        {
            "bytes": 1048576,
            "elements": 262144,
            "cold_ms": 1.03103,
            "operation": {
                "min_ms": 0.46684,
                "p25_ms": 0.500115,
                "median_ms": 0.5962,
                "p75_ms": 0.6558200000000001,
                "max_ms": 1.1352,
                "samples_ms": [
                    0.46684,
                    0.4719,
                    0.49863,
                    0.50006,
                    0.50017,
                    0.53889,
                    0.5665,
                    0.5962,
                    0.60841,
                    0.62557,
                    0.63987,
                    0.67177,
                    0.69476,
                    0.75482,
                    1.1352
                ]
            },
            "destruction": {
                "min_ms": 0.17006,
                "p25_ms": 0.178145,
                "median_ms": 0.18711,
                "p75_ms": 0.20339000000000002,
                "max_ms": 0.33385,
                "samples_ms": [
                    0.17006,
                    0.17028,
                    0.17501,
                    0.17655,
                    0.17974,
                    0.18062,
                    0.18282,
                    0.18711,
                    0.18887,
                    0.19008,
                    0.19261,
                    0.21417,
                    0.23727,
                    0.25905,
                    0.33385
                ]
            }
        },
        {
            "bytes": 4194304,
            "elements": 1048576,
            "cold_ms": 1.46256,
            "operation": {
                "min_ms": 1.15434,
                "p25_ms": 1.236675,
                "median_ms": 1.29998,
                "p75_ms": 1.541045,
                "max_ms": 3.12708,
                "samples_ms": [
                    1.15434,
                    1.1704,
                    1.20571,
                    1.23233,
                    1.24102,
                    1.2584,
                    1.27765,
                    1.29998,
                    1.36422,
                    1.38501,
                    1.52889,
                    1.5532,
                    1.65847,
                    2.51823,
                    3.12708
                ]
            },
            "destruction": {
                "min_ms": 0.1617,
                "p25_ms": 0.189805,
                "median_ms": 0.20273,
                "p75_ms": 0.23925,
                "max_ms": 0.3674,
                "samples_ms": [
                    0.1617,
                    0.17765,
                    0.18656,
                    0.18843,
                    0.19118,
                    0.19173,
                    0.20119,
                    0.20273,
                    0.21351,
                    0.22319,
                    0.23364,
                    0.24486,
                    0.31152,
                    0.32076,
                    0.3674
                ]
            }
        },
        {
            "bytes": 16777216,
            "elements": 4194304,
            "cold_ms": 1.99001,
            "operation": {
                "min_ms": 1.98253,
                "p25_ms": 2.270565,
                "median_ms": 2.44266,
                "p75_ms": 3.38382,
                "max_ms": 7.55689,
                "samples_ms": [
                    1.98253,
                    2.0592,
                    2.17712,
                    2.22376,
                    2.31737,
                    2.32111,
                    2.39283,
                    2.44266,
                    2.66277,
                    2.96241,
                    3.23433,
                    3.53331,
                    4.12489,
                    5.55896,
                    7.55689
                ]
            },
            "destruction": {
                "min_ms": 0.35992,
                "p25_ms": 0.41920999999999997,
                "median_ms": 0.4818,
                "p75_ms": 0.582615,
                "max_ms": 0.83116,
                "samples_ms": [
                    0.35992,
                    0.38049,
                    0.3806,
                    0.40766,
                    0.43076,
                    0.45903,
                    0.46266,
                    0.4818,
                    0.49027,
                    0.49126,
                    0.55748,
                    0.60775,
                    0.64174,
                    0.7194,
                    0.83116
                ]
            }
        },
        {
            "bytes": 67108864,
            "elements": 16777216,
            "cold_ms": 6.45711,
            "operation": {
                "min_ms": 6.11523,
                "p25_ms": 6.18871,
                "median_ms": 6.3063,
                "p75_ms": 6.45073,
                "max_ms": 7.12448,
                "samples_ms": [
                    6.11523,
                    6.12315,
                    6.17045,
                    6.17947,
                    6.19795,
                    6.2282,
                    6.23722,
                    6.3063,
                    6.37076,
                    6.42059,
                    6.4372,
                    6.46426,
                    6.48637,
                    6.57481,
                    7.12448
                ]
            },
            "destruction": {
                "min_ms": 0.73623,
                "p25_ms": 0.751575,
                "median_ms": 0.77847,
                "p75_ms": 0.82445,
                "max_ms": 1.12563,
                "samples_ms": [
                    0.73623,
                    0.74129,
                    0.74877,
                    0.75086,
                    0.75229,
                    0.76285,
                    0.76351,
                    0.77847,
                    0.78177,
                    0.79783,
                    0.8096,
                    0.8393,
                    0.84194,
                    0.8679,
                    1.12563
                ]
            }
        }
    ]
}
