{
    "environment": {
        "timestamp": "2026-07-18T22:39:11+00:00",
        "warmups": 2,
        "repetitions": 7,
        "php": "8.4.16",
        "zmatrix": "0.4.0-float",
        "cuda": "Build cuda_12.0.r12.0\/compiler.32267302_0",
        "driver": "576.02",
        "gpu": "NVIDIA GeForce RTX 3060, 12288 MiB",
        "commit": "42fadee10b66a3329a8eafe13da673a70baad925",
        "binary_sha256": "6730b3a8f30cb80a5c886af6bcc7a9ef393055f75ae40fa137db466ef3ee29ca",
        "php_memory_bytes": 73400320,
        "php_peak_bytes": 106962944,
        "rss_bytes": 447889408
    },
    "results": {
        "greater": {
            "size": "1048576 elements",
            "validated": true,
            "stats": {
                "cpu": {
                    "median_ms": 2.08714,
                    "p25_ms": 1.78233,
                    "p75_ms": 2.33805,
                    "samples_ms": [
                        1.69301,
                        1.83766,
                        2.42418,
                        3.26535,
                        2.25192,
                        2.08714,
                        1.727
                    ]
                },
                "h2d": {
                    "median_ms": 1.37885,
                    "p25_ms": 1.2888700000000002,
                    "p75_ms": 1.4773550000000002,
                    "samples_ms": [
                        1.48368,
                        1.47103,
                        1.37885,
                        1.64516,
                        1.25466,
                        1.29173,
                        1.28601
                    ]
                },
                "gpu": {
                    "median_ms": 1.42274,
                    "p25_ms": 1.3667500000000001,
                    "p75_ms": 1.54737,
                    "samples_ms": [
                        1.76704,
                        1.42274,
                        1.38699,
                        1.34651,
                        1.63691,
                        1.45783,
                        1.30075
                    ]
                },
                "d2h": {
                    "median_ms": 1.1968,
                    "p25_ms": 1.103465,
                    "p75_ms": 1.334355,
                    "samples_ms": [
                        1.11716,
                        1.59335,
                        1.1968,
                        1.33672,
                        1.33199,
                        1.08977,
                        1.07734
                    ]
                },
                "end_to_end": {
                    "median_ms": 3.53298,
                    "p25_ms": 3.3122100000000003,
                    "p75_ms": 3.943995,
                    "samples_ms": [
                        3.31331,
                        3.53298,
                        3.81172,
                        3.31111,
                        4.07627,
                        4.32718,
                        3.17526
                    ]
                },
                "speedup_resident": 1.466986237822793,
                "speedup_end_to_end": 0.5907590759075908
            }
        },
        "broadcast": {
            "size": "1024x1024 <- 1x1024",
            "validated": true,
            "stats": {
                "cpu": {
                    "median_ms": 22.41118,
                    "p25_ms": 20.785325,
                    "p75_ms": 23.200045000000003,
                    "samples_ms": [
                        31.20194,
                        23.2848,
                        19.51994,
                        23.11529,
                        22.41118,
                        22.05071,
                        18.23404
                    ]
                },
                "h2d": {
                    "median_ms": 1.75296,
                    "p25_ms": 1.4817,
                    "p75_ms": 1.842005,
                    "samples_ms": [
                        1.52746,
                        1.42571,
                        1.86901,
                        1.43594,
                        1.99562,
                        1.815,
                        1.75296
                    ]
                },
                "gpu": {
                    "median_ms": 1.74581,
                    "p25_ms": 1.7303549999999999,
                    "p75_ms": 1.892385,
                    "samples_ms": [
                        1.77694,
                        1.65891,
                        1.73877,
                        1.74581,
                        2.15886,
                        1.72194,
                        2.00783
                    ]
                },
                "d2h": {
                    "median_ms": 1.55925,
                    "p25_ms": 1.49985,
                    "p75_ms": 1.685255,
                    "samples_ms": [
                        1.52097,
                        1.68454,
                        1.94931,
                        1.55925,
                        1.68597,
                        1.4091,
                        1.47873
                    ]
                },
                "end_to_end": {
                    "median_ms": 5.71406,
                    "p25_ms": 5.2286850000000005,
                    "p75_ms": 6.2816600000000005,
                    "samples_ms": [
                        5.56534,
                        4.62682,
                        6.53114,
                        5.71406,
                        13.38986,
                        6.03218,
                        4.89203
                    ]
                },
                "speedup_resident": 12.837124314787978,
                "speedup_end_to_end": 3.922111423401225
            }
        },
        "tile": {
            "size": "1024x1024 x2",
            "validated": true,
            "stats": {
                "cpu": {
                    "median_ms": 10.77021,
                    "p25_ms": 3.9909099999999995,
                    "p75_ms": 12.31406,
                    "samples_ms": [
                        3.97639,
                        10.77021,
                        11.5148,
                        3.32156,
                        13.11332,
                        13.77068,
                        4.00543
                    ]
                },
                "h2d": {
                    "median_ms": 1.43682,
                    "p25_ms": 1.36235,
                    "p75_ms": 1.749165,
                    "samples_ms": [
                        1.2694,
                        1.43682,
                        2.2462,
                        1.38886,
                        1.50865,
                        1.98968,
                        1.33584
                    ]
                },
                "gpu": {
                    "median_ms": 3.22619,
                    "p25_ms": 3.20892,
                    "p75_ms": 3.71558,
                    "samples_ms": [
                        3.29153,
                        4.13963,
                        10.03596,
                        3.22619,
                        3.19517,
                        3.15095,
                        3.22267
                    ]
                },
                "d2h": {
                    "median_ms": 2.79345,
                    "p25_ms": 2.695495,
                    "p75_ms": 5.33643,
                    "samples_ms": [
                        2.79345,
                        6.87643,
                        2.68554,
                        3.79643,
                        7.33601,
                        2.54155,
                        2.70545
                    ]
                },
                "end_to_end": {
                    "median_ms": 11.75658,
                    "p25_ms": 10.42976,
                    "p75_ms": 12.319890000000001,