{
    "environment": {
        "timestamp": "2026-07-18T22:11:23+00:00",
        "warmups": 2,
        "repetitions": 7,
        "php": "8.4.16",
        "zmatrix": "0.4.0-float",
        "cuda": "Build cuda_12.0.r12.0\/compiler.32267302_0",
        "driver": "576.02",
        "gpu": "NVIDIA GeForce RTX 3060, 12288 MiB",
        "commit": "13b9154b89f6c6c4675085aed703f07b959ddfff",
        "binary_sha256": "c7eb949230a6a4ee52ad15e609e309c71c36f1d2798403b9f4c5901a88e90f6f",
        "php_memory_bytes": 73400320,
        "php_peak_bytes": 106962944,
        "rss_bytes": 409731072
    },
    "results": {
        "greater": {
            "size": "1048576 elements",
            "validated": true,
            "stats": {
                "cpu": {
                    "median_ms": 1.66826,
                    "p25_ms": 1.54638,
                    "p75_ms": 1.778315,
                    "samples_ms": [
                        1.79663,
                        1.35454,
                        1.66826,
                        1.46762,
                        1.76,
                        2.0361,
                        1.62514
                    ]
                },
                "h2d": {
                    "median_ms": 1.39667,
                    "p25_ms": 1.2950300000000001,
                    "p75_ms": 1.6860249999999999,
                    "samples_ms": [
                        1.25983,
                        1.00331,
                        1.39667,
                        1.58224,
                        2.99728,
                        1.78981,
                        1.33023
                    ]
                },
                "gpu": {
                    "median_ms": 3.39614,
                    "p25_ms": 2.628285,
                    "p75_ms": 4.088699999999999,
                    "samples_ms": [
                        2.35433,
                        4.587,
                        3.79005,
                        3.39614,
                        2.57818,
                        4.38735,
                        2.67839
                    ]
                },
                "d2h": {
                    "median_ms": 0.96162,
                    "p25_ms": 0.8561300000000001,
                    "p75_ms": 1.063425,
                    "samples_ms": [
                        0.90354,
                        1.05963,
                        0.96162,
                        1.29998,
                        1.06722,
                        0.80872,
                        0.7634
                    ]
                },
                "end_to_end": {
                    "median_ms": 5.35986,
                    "p25_ms": 4.6561900000000005,
                    "p75_ms": 6.938359999999999,
                    "samples_ms": [
                        7.15968,
                        5.35986,
                        4.00389,
                        4.28439,
                        5.02799,
                        6.71704,
                        8.9133
                    ]
                },
                "speedup_resident": 0.4912223877696444,
                "speedup_end_to_end": 0.31125066699503345
            }
        },
        "broadcast": {
            "size": "1024x1024 <- 1x1024",
            "validated": true,
            "stats": {
                "cpu": {
                    "median_ms": 22.50952,
                    "p25_ms": 21.063295,
                    "p75_ms": 23.510849999999998,
                    "samples_ms": [
                        21.46001,
                        26.8851,
                        22.50952,
                        20.66658,
                        22.59983,
                        20.53623,
                        24.42187
                    ]
                },
                "h2d": {
                    "median_ms": 1.54209,
                    "p25_ms": 1.421145,
                    "p75_ms": 1.58785,
                    "samples_ms": [
                        1.72898,
                        1.59951,
                        1.54209,
                        1.43055,
                        1.41174,
                        1.37258,
                        1.57619
                    ]
                },
                "gpu": {
                    "median_ms": 3.1966,
                    "p25_ms": 2.8196849999999998,
                    "p75_ms": 3.32068,
                    "samples_ms": [
                        2.70094,
                        3.3055,
                        3.33586,
                        3.72064,
                        2.60084,
                        2.93843,
                        3.1966
                    ]
                },
                "d2h": {
                    "median_ms": 0.89221,
                    "p25_ms": 0.8384199999999999,
                    "p75_ms": 1.10781,
                    "samples_ms": [
                        0.85492,
                        0.89221,
                        0.78771,
                        1.12255,
                        1.32132,
                        1.09307,
                        0.82192
                    ]
                },
                "end_to_end": {
                    "median_ms": 9.58177,
                    "p25_ms": 6.785295,
                    "p75_ms": 10.718345,
                    "samples_ms": [
                        7.89503,
                        11.72688,
                        5.67556,
                        9.58177,
                        17.25724,
                        9.70981,
                        5.40243
                    ]
                },
                "speedup_resident": 7.0417068134893315,
                "speedup_end_to_end": 2.349202704719483
            }
        },
        "tile": {
            "size": "1024x1024 x2",
            "validated": true,
            "stats": {
                "cpu": {
                    "median_ms": 8.95092,
                    "p25_ms": 7.47681,
                    "p75_ms": 10.15344,
                    "samples_ms": [
                        9.20645,
                        11.10043,
                        7.88084,
                        11.70389,
                        3.17119,
                        7.07278,
                        8.95092
                    ]
                },
                "h2d": {
                    "median_ms": 1.4432,
                    "p25_ms": 1.3756599999999999,
                    "p75_ms": 1.7672050000000001,
                    "samples_ms": [
                        1.58213,
                        1.95228,
                        1.4432,
                        1.39095,
                        1.36037,
                        1.95888,
                        1.28502
                    ]
                },
                "gpu": {
                    "median_ms": 12.07294,
                    "p25_ms": 7.324515,
                    "p75_ms": 17.484885,
                    "samples_ms": [
                        19.22767,
                        6.8178,
                        15.7421,
                        12.07294,
                        5.9477,
                        7.83123,
                        23.19812
                    ]
                },
                "d2h": {
                    "median_ms": 1.92478,
                    "p25_ms": 1.753015,
                    "p75_ms": 2.3515800000000002,
                    "samples_ms": [
                        2.61415,
                        1.81808,
                        1.63845,
                        1.68795,
                        5.99335,
                        1.92478,
                        2.08901
                    ]
                },
                "end_to_end": {
                    "median_ms": 16.26108,
                    "p25_ms": 14.77586,
                    "p75_ms": 19.43755,