{
    "environment": {
        "timestamp": "2026-07-18T22:08:38+00:00",
        "warmups": 2,
        "repetitions": 7,
        "php": "8.4.16",
        "zmatrix": "0.4.0-float",
        "cuda": "Build cuda_12.0.r12.0\/compiler.32267302_0",
        "driver": "576.02",
        "gpu": "NVIDIA GeForce RTX 3060, 12288 MiB",
        "commit": "0a34e4514dff91ad7403948072070680ecbe5fc3",
        "binary_sha256": "ef50cddcb5bed968b1798f86f69b152597c8289235dbae13edd221f5e7b240eb",
        "php_memory_bytes": 73400320,
        "php_peak_bytes": 106962944,
        "rss_bytes": 409526272
    },
    "results": {
        "greater": {
            "size": "1048576 elements",
            "validated": true,
            "stats": {
                "cpu": {
                    "median_ms": 1.45651,
                    "p25_ms": 1.41944,
                    "p75_ms": 1.880725,
                    "samples_ms": [
                        2.11728,
                        2.27975,
                        1.44353,
                        1.64417,
                        1.45651,
                        1.39535,
                        1.3332
                    ]
                },
                "h2d": {
                    "median_ms": 1.33771,
                    "p25_ms": 1.30372,
                    "p75_ms": 1.5259749999999999,
                    "samples_ms": [
                        1.33771,
                        1.04995,
                        1.27072,
                        1.46223,
                        1.58972,
                        1.33672,
                        1.67739
                    ]
                },
                "gpu": {
                    "median_ms": 2.52263,
                    "p25_ms": 2.322265,
                    "p75_ms": 3.675045,
                    "samples_ms": [
                        2.52263,
                        4.36348,
                        2.2594,
                        2.34421,
                        2.30032,
                        6.16374,
                        2.98661
                    ]
                },
                "d2h": {
                    "median_ms": 1.00232,
                    "p25_ms": 0.85932,
                    "p75_ms": 1.06337,
                    "samples_ms": [
                        0.80729,
                        1.0604,
                        1.06634,
                        0.83919,
                        2.17514,
                        0.87945,
                        1.00232
                    ]
                },
                "end_to_end": {
                    "median_ms": 5.13139,
                    "p25_ms": 4.674175,
                    "p75_ms": 6.433625,
                    "samples_ms": [
                        4.12533,
                        6.58779,
                        6.27946,
                        5.13139,
                        4.90809,
                        4.44026,
                        10.49609
                    ]
                },
                "speedup_resident": 0.5773775781624733,
                "speedup_end_to_end": 0.2838431691997685
            }
        },
        "broadcast": {
            "size": "1024x1024 <- 1x1024",
            "validated": true,
            "stats": {
                "cpu": {
                    "median_ms": 19.74258,
                    "p25_ms": 19.51521,
                    "p75_ms": 20.996415,
                    "samples_ms": [
                        19.74258,
                        18.60716,
                        21.3895,
                        19.34273,
                        23.25158,
                        19.68769,
                        20.60333
                    ]
                },
                "h2d": {
                    "median_ms": 1.45464,
                    "p25_ms": 1.36345,
                    "p75_ms": 1.5453350000000001,
                    "samples_ms": [
                        1.45464,
                        1.34948,
                        1.6225,
                        1.46817,
                        1.31516,
                        1.37742,
                        1.96856
                    ]
                },
                "gpu": {
                    "median_ms": 3.29582,
                    "p25_ms": 2.949485,
                    "p75_ms": 3.59293,
                    "samples_ms": [
                        5.10367,
                        2.90268,
                        2.99629,
                        3.66619,
                        3.29582,
                        2.47665,
                        3.51967
                    ]
                },
                "d2h": {
                    "median_ms": 0.84414,
                    "p25_ms": 0.804265,
                    "p75_ms": 0.90937,
                    "samples_ms": [
                        0.891,
                        0.78408,
                        0.82445,
                        0.84414,
                        1.08537,
                        0.74151,
                        0.92774
                    ]
                },
                "end_to_end": {
                    "median_ms": 7.22887,
                    "p25_ms": 5.763175,
                    "p75_ms": 10.52854,
                    "samples_ms": [
                        5.49043,
                        10.6491,
                        7.22887,
                        10.79485,
                        5.1799,
                        10.40798,
                        6.03592
                    ]
                },
                "speedup_resident": 5.99018757092317,
                "speedup_end_to_end": 2.7310741512850556
            }
        },
        "tile": {
            "size": "1024x1024 x2",
            "validated": true,
            "stats": {
                "cpu": {
                    "median_ms": 7.89624,
                    "p25_ms": 3.7280100000000003,
                    "p75_ms": 8.475555,
                    "samples_ms": [
                        8.97204,
                        4.43641,
                        7.97907,
                        10.0892,
                        3.01961,
                        2.71656,
                        7.89624
                    ]
                },
                "h2d": {
                    "median_ms": 1.49501,
                    "p25_ms": 1.336775,
                    "p75_ms": 1.506285,
                    "samples_ms": [
                        1.2551,
                        1.51404,
                        1.73613,
                        1.1913,
                        1.41845,
                        1.49853,
                        1.49501
                    ]
                },
                "gpu": {
                    "median_ms": 11.3267,
                    "p25_ms": 8.095725,
                    "p75_ms": 12.47411,
                    "samples_ms": [
                        11.40183,
                        5.67754,
                        13.54639,
                        14.62967,
                        8.68824,
                        7.50321,
                        11.3267
                    ]
                },
                "d2h": {
                    "median_ms": 2.09946,
                    "p25_ms": 1.69554,
                    "p75_ms": 2.290255,
                    "samples_ms": [
                        1.6214,
                        2.10606,
                        1.73503,
                        2.47445,
                        2.09946,
                        1.65605,
                        2.71084
                    ]
                },
                "end_to_end": {
                    "median_ms": 15.58898,
                    "p25_ms": 13.91544,
                    "p75_ms": 15.6299,