{
    "environment": {
        "timestamp": "2026-07-18T22:31:54+00:00",
        "warmups": 2,
        "repetitions": 7,
        "php": "8.4.16",
        "zmatrix": "0.4.0-float",
        "cuda": "Build cuda_12.0.r12.0\/compiler.32267302_0",
        "driver": "576.02",
        "gpu": "NVIDIA GeForce RTX 3060, 12288 MiB",
        "commit": "42fadee10b66a3329a8eafe13da673a70baad925",
        "binary_sha256": "27221cb90658717115863135c15f109e2bdc7052e9f28238922d0c7f043b260c",
        "php_memory_bytes": 73400320,
        "php_peak_bytes": 106962944,
        "rss_bytes": 409858048
    },
    "results": {
        "greater": {
            "size": "1048576 elements",
            "validated": true,
            "stats": {
                "cpu": {
                    "median_ms": 1.86054,
                    "p25_ms": 1.70247,
                    "p75_ms": 2.25885,
                    "samples_ms": [
                        1.63405,
                        1.77089,
                        5.58404,
                        1.88331,
                        1.86054,
                        2.63439,
                        1.46135
                    ]
                },
                "h2d": {
                    "median_ms": 1.41152,
                    "p25_ms": 1.2806199999999999,
                    "p75_ms": 1.609465,
                    "samples_ms": [
                        1.22859,
                        1.86736,
                        1.56442,
                        1.24047,
                        1.32077,
                        1.41152,
                        1.65451
                    ]
                },
                "gpu": {
                    "median_ms": 3.34136,
                    "p25_ms": 2.93909,
                    "p75_ms": 5.087115,
                    "samples_ms": [
                        2.62636,
                        11.96613,
                        5.13403,
                        2.69368,
                        3.34136,
                        5.0402,
                        3.1845
                    ]
                },
                "d2h": {
                    "median_ms": 1.28293,
                    "p25_ms": 1.182665,
                    "p75_ms": 1.404535,
                    "samples_ms": [
                        1.1077,
                        2.08065,
                        1.43836,
                        1.37071,
                        1.08097,
                        1.28293,
                        1.25763
                    ]
                },
                "end_to_end": {
                    "median_ms": 8.23163,
                    "p25_ms": 7.64797,
                    "p75_ms": 9.993005,
                    "samples_ms": [
                        7.95597,
                        5.6958,
                        9.37552,
                        10.61049,
                        8.23163,
                        7.33997,
                        10.6381
                    ]
                },
                "speedup_resident": 0.5568211746115355,
                "speedup_end_to_end": 0.226023278500127
            }
        },
        "broadcast": {
            "size": "1024x1024 <- 1x1024",
            "validated": true,
            "stats": {
                "cpu": {
                    "median_ms": 32.10031,
                    "p25_ms": 26.2009,
                    "p75_ms": 32.674785,
                    "samples_ms": [
                        32.5633,
                        23.81665,
                        40.3975,
                        27.99489,
                        32.78627,
                        32.10031,
                        24.40691
                    ]
                },
                "h2d": {
                    "median_ms": 1.54924,
                    "p25_ms": 1.541265,
                    "p75_ms": 3.31045,
                    "samples_ms": [
                        3.26348,
                        1.53747,
                        1.54506,
                        1.39315,
                        1.54924,
                        4.21696,
                        3.35742
                    ]
                },
                "gpu": {
                    "median_ms": 3.72383,
                    "p25_ms": 3.68489,
                    "p75_ms": 4.701124999999999,
                    "samples_ms": [
                        3.71151,
                        4.17681,
                        5.22544,
                        3.65827,
                        3.72383,
                        2.98441,
                        10.71983
                    ]
                },
                "d2h": {
                    "median_ms": 1.24872,
                    "p25_ms": 1.11914,
                    "p75_ms": 1.459095,
                    "samples_ms": [
                        1.45585,
                        1.46234,
                        4.17978,
                        1.05776,
                        1.24872,
                        1.00727,
                        1.18052
                    ]
                },
                "end_to_end": {
                    "median_ms": 10.63095,
                    "p25_ms": 9.59805,
                    "p75_ms": 12.53791,
                    "samples_ms": [
                        10.63095,
                        11.5676,
                        5.93835,
                        13.50822,
                        9.94114,
                        17.08707,
                        9.25496
                    ]
                },
                "speedup_resident": 8.620240451363248,
                "speedup_end_to_end": 3.0195147188162865
            }
        },
        "tile": {
            "size": "1024x1024 x2",
            "validated": true,
            "stats": {
                "cpu": {
                    "median_ms": 11.73095,
                    "p25_ms": 7.15935,
                    "p75_ms": 14.919080000000001,
                    "samples_ms": [
                        7.40014,
                        11.73095,
                        3.17339,
                        34.15929,
                        14.32849,
                        6.91856,
                        15.50967
                    ]
                },
                "h2d": {
                    "median_ms": 1.66947,
                    "p25_ms": 1.5147,
                    "p75_ms": 1.79454,
                    "samples_ms": [
                        12.40536,
                        1.90993,
                        1.52812,
                        1.50128,
                        1.67915,
                        1.66947,
                        1.49028
                    ]
                },
                "gpu": {
                    "median_ms": 14.05096,
                    "p25_ms": 10.53096,
                    "p75_ms": 16.120115,
                    "samples_ms": [
                        20.92013,
                        16.61253,
                        15.6277,
                        14.05096,
                        13.90499,
                        7.15693,
                        6.73497
                    ]
                },
                "d2h": {
                    "median_ms": 2.52549,
                    "p25_ms": 2.20066,
                    "p75_ms": 4.079955,
                    "samples_ms": [
                        2.52549,
                        12.6962,
                        2.40625,
                        1.93875,
                        4.51715,
                        1.99507,
                        3.64276
                    ]
                },
                "end_to_end": {
                    "median_ms": 13.64781,
                    "p25_ms": 13.17888,
                    "p75_ms": 18.416805,