{
    "environment": {
        "timestamp": "2026-07-18T23:11:28+00:00",
        "warmups": 3,
        "repetitions": 7,
        "php": "8.4.16",
        "zmatrix": "0.4.0-float",
        "commit": "ad584d16489841a23d0ad979c1d6fdc821e6b2b0",
        "binary_sha256": "a77c7f8ed5da03ecf48949d8d18ec5892a166ebc7314067a75ac0a31983d3b03"
    },
    "results": [
        {
            "operation": "greater_scalar",
            "size": "1024 elements",
            "cold_ms": 5.42729,
            "median_ms": 0.04961,
            "p25_ms": 0.04851,
            "p75_ms": 0.052635,
            "samples_ms": [
                0.04829,
                0.04961,
                0.04873,
                0.05379,
                0.04466,
                0.10659,
                0.05148
            ],
            "effective_gbps": 0.08256399919371095,
            "validated": true
        },
        {
            "operation": "greater_scalar",
            "size": "65536 elements",
            "cold_ms": 0.12815,
            "median_ms": 0.04455,
            "p25_ms": 0.043285000000000004,
            "p75_ms": 0.054395,
            "samples_ms": [
                0.07546,
                0.0462,
                0.06259,
                0.04455,
                0.04356,
                0.04257,
                0.04301
            ],
            "effective_gbps": 5.884264870931538,
            "validated": true
        },
        {
            "operation": "greater_scalar",
            "size": "1048576 elements",
            "cold_ms": 1.26676,
            "median_ms": 1.08405,
            "p25_ms": 1.0412599999999999,
            "p75_ms": 1.1128149999999999,
            "samples_ms": [
                1.25444,
                1.08405,
                1.00518,
                1.08669,
                1.05457,
                1.13894,
                1.02795
            ],
            "effective_gbps": 3.8691056685577236,
            "validated": true
        },
        {
            "operation": "greater_scalar",
            "size": "16777216 elements",
            "cold_ms": 6.63542,
            "median_ms": 5.53476,
            "p25_ms": 5.4890550000000005,
            "p75_ms": 5.83132,
            "samples_ms": [
                5.69239,
                5.49516,
                6.08916,
                5.48295,
                5.53476,
                5.4813,
                5.97025
            ],
            "effective_gbps": 12.124981751692937,
            "validated": true
        },
        {
            "operation": "tile",
            "size": "256x256 x2",
            "cold_ms": 0.14993,
            "median_ms": 0.08382,
            "p25_ms": 0.058025,
            "p75_ms": 0.089375,
            "samples_ms": [
                0.08382,
                0.0847,
                0.05863,
                0.0561,
                0.12045,
                0.05742,
                0.09405
            ],
            "effective_gbps": 6.254927225005965,
            "validated": true
        },
        {
            "operation": "tile",
            "size": "256x256 x4",
            "cold_ms": 0.65087,
            "median_ms": 0.49203,
            "p25_ms": 0.349195,
            "p75_ms": 0.7467900000000001,
            "samples_ms": [
                0.76505,
                0.36421,
                0.85019,
                0.33418,
                0.49203,
                0.10824,
                0.72853
            ],
            "effective_gbps": 2.1311220860516635,
            "validated": true
        },
        {
            "operation": "tile",
            "size": "256x256 x8",
            "cold_ms": 1.20857,
            "median_ms": 1.18899,
            "p25_ms": 1.040765,
            "p75_ms": 1.272865,
            "samples_ms": [
                0.90255,
                1.18899,
                0.90673,
                1.31164,
                1.75285,
                1.1748,
                1.23409
            ],
            "effective_gbps": 1.7638096199295201,
            "validated": true
        },
        {
            "operation": "tile",
            "size": "256x256 x16",
            "cold_ms": 1.37005,
            "median_ms": 1.33793,
            "p25_ms": 1.291785,
            "p75_ms": 1.43132,
            "samples_ms": [
                1.33793,
                1.15291,
                2.58412,
                1.49215,
                1.37049,
                1.29283,
                1.29074
            ],
            "effective_gbps": 3.1349203620518264,
            "validated": true
        },
        {
            "operation": "tile",
            "size": "1024x1024 x2",
            "cold_ms": 1.85867,
            "median_ms": 1.33925,
            "p25_ms": 1.282765,
            "p75_ms": 1.3695,
            "samples_ms": [
                1.36609,
                1.37291,
                1.22804,
                1.33925,
                1.16413,
                1.33749,
                1.69411
            ],
            "effective_gbps": 6.263661004293448,
            "validated": true
        },
        {
            "operation": "tile",
            "size": "1024x1024 x4",
            "cold_ms": 1.86879,
            "median_ms": 1.78761,
            "p25_ms": 1.76231,
            "p75_ms": 1.79663,
            "samples_ms": [
                1.78761,
                1.75681,
                3.2197,
                1.80334,
                1.76781,
                1.72095,
                1.78992
            ],
            "effective_gbps": 9.385277549353606,
            "validated": true
        },
        {
            "operation": "tile",
            "size": "1024x1024 x8",
            "cold_ms": 2.98804,
            "median_ms": 3.05107,
            "p25_ms": 2.999315,
            "p75_ms": 3.1784499999999998,
            "samples_ms": [
                3.03545,
                3.2384,
                3.05107,
                2.96318,
                2.94591,
                3.1185,
                3.24973
            ],
            "effective_gbps": 10.997594942102278,
            "validated": true
        },
        {
            "operation": "tile",
            "size": "1024x1024 x16",
            "cold_ms": 5.61572,
            "median_ms": 5.52167,
            "p25_ms": 5.450005,
            "p75_ms": 5.537675,
            "samples_ms": [
                5.54312,
                5.39451,
                5.46744,
                5.53223,
                5.64091,
                5.43257,
                5.52167
            ],
            "effective_gbps": 12.153725956096617,
            "validated": true
        },
        {
            "operation": "tile",
            "size": "2048x2048 x2",
            "cold_ms": 3.36765,
            "median_ms": 3.06526,
            "p25_ms": 2.996015,
            "p75_ms": 3.1809250000000002,
            "samples_ms": [
                2.96153,
                3.39504,
                3.08682,
                3.00267,
                2.98936,
                3.27503,
                3.06526
            ],
            "effective_gbps": 10.946683804962712,
            "validated": true
        },
        {
            "operation": "tile",
            "size": "2048x2048 x4",
            "cold_ms": 5.39385,
            "median_ms": 10.75217,
            "p25_ms": 5.60153,
            "p75_ms": 11.599115000000001,
            "samples_ms": [
                12.6588,
                5.28715,
                12.05028,
                5.86762,
                10.75217,
                5.33544,
                11.14795
            ],
            "effective_gbps": 6.241425126276836,
            "validated": true
        },
        {
            "operation": "tile",
            "size": "2048x2048 x8",
            "cold_ms": 9.59255,
            "median_ms": 14.96506,
            "p25_ms": 11.891110000000001,
            "p75_ms": 16.61858,