{
    "schema_version": 1,
    "label": "after",
    "created_utc": "2026-07-18T21:20:07+00:00",
    "environment": {
        "php": "8.4.16",
        "zmatrix": "0.4.0-float",
        "gpu": "NVIDIA GeForce RTX 3060, 576.02"
    },
    "methodology": {
        "warmups": 3,
        "repetitions": 7,
        "validation": "CPU reference required"
    },
    "records": [
        {
            "operation": "sqrt",
            "shape": [
                1024,
                1024
            ],
            "gpu_result_resident_before_d2h": true,
            "validation": {
                "valid": true,
                "max_abs_error": 0,
                "max_relative_error": 0,
                "actual_max": 10,
                "expected_max": 10,
                "actual_sum": 6990512.3125,
                "expected_sum": 6990512.3125,
                "actual_sample": [
                    0,
                    0.009765629656612873,
                    0.013810685835778713,
                    0.016914566978812218,
                    0.019531259313225746,
                    0.02183661237359047,
                    0.023920809850096703,
                    0.025837427005171776
                ],
                "expected_sample": [
                    0,
                    0.009765629656612873,
                    0.013810685835778713,
                    0.016914566978812218,
                    0.019531259313225746,
                    0.02183661237359047,
                    0.023920809850096703,
                    0.025837427005171776
                ],
                "atol": 3.0e-5,
                "rtol": 3.0e-5
            },
            "timings": {
                "cpu": {
                    "samples": 7,
                    "min_ms": 1.07866,
                    "median_ms": 1.08581,
                    "mean_ms": 1.1972085714285714,
                    "stddev_ms": 0.15393131004524355,
                    "p95_ms": 1.31681,
                    "max_ms": 1.50887,
                    "raw_ms": [
                        1.07866,
                        1.08009,
                        1.08196,
                        1.08581,
                        1.22826,
                        1.31681,
                        1.50887
                    ]
                },
                "h2d": {
                    "samples": 7,
                    "min_ms": 1.45024,
                    "median_ms": 1.81225,
                    "mean_ms": 45.03151714285714,
                    "stddev_ms": 106.0812070347976,
                    "p95_ms": 1.92071,
                    "max_ms": 304.87611,
                    "raw_ms": [
                        1.45024,
                        1.62151,
                        1.71182,
                        1.81225,
                        1.82798,
                        1.92071,
                        304.87611
                    ]
                },
                "gpu_operation": {
                    "samples": 7,
                    "min_ms": 0.93346,
                    "median_ms": 1.23486,
                    "mean_ms": 79.51991142857142,
                    "stddev_ms": 191.13463315801056,
                    "p95_ms": 3.15436,
                    "max_ms": 547.69913,
                    "raw_ms": [
                        0.93346,
                        1.15709,
                        1.20692,
                        1.23486,
                        1.25356,
                        3.15436,
                        547.69913
                    ]
                },
                "d2h": {
                    "samples": 7,
                    "min_ms": 0.76175,
                    "median_ms": 0.81554,
                    "mean_ms": 1.2116185714285714,
                    "stddev_ms": 0.6296875356063188,
                    "p95_ms": 1.79652,
                    "max_ms": 2.51273,
                    "raw_ms": [
                        0.76175,
                        0.80498,
                        0.8074,
                        0.81554,
                        0.98241,
                        1.79652,
                        2.51273
                    ]
                },
                "gpu_end_to_end": {
                    "samples": 7,
                    "min_ms": 3.22795,
                    "median_ms": 4.01291,
                    "mean_ms": 4.022731428571428,
                    "stddev_ms": 0.6678786056383209,
                    "p95_ms": 4.67346,
                    "max_ms": 5.20278,
                    "raw_ms": [
                        3.22795,
                        3.25061,
                        3.74363,
                        4.01291,
                        4.04778,
                        4.67346,
                        5.20278
                    ]
                }
            }
        },
        {
            "operation": "clip",
            "shape": [
                1024,
                1024
            ],
            "gpu_result_resident_before_d2h": true,
            "validation": {
                "valid": true,
                "max_abs_error": 0,
                "max_relative_error": 0,
                "actual_max": 3.5,
                "expected_max": 3.5,
                "actual_sum": 367001.8046875,
                "expected_sum": 367001.8046875,
                "actual_sample": [
                    -2.5,
                    -2.5,
                    -2.5,
                    -2.5,
                    -2.5,
                    -2.5,
                    -2.5,
                    -2.5
                ],
                "expected_sample": [
                    -2.5,
                    -2.5,
                    -2.5,
                    -2.5,
                    -2.5,
                    -2.5,
                    -2.5,
                    -2.5
                ],
                "atol": 0,
                "rtol": 0
            },
            "timings": {
                "cpu": {
                    "samples": 7,
                    "min_ms": 1.24872,
                    "median_ms": 1.29239,
                    "mean_ms": 1.4721928571428573,
                    "stddev_ms": 0.4119105019891816,
                    "p95_ms": 1.37808,
                    "max_ms": 2.475,
                    "raw_ms": [
                        1.24872,
                        1.26115,
                        1.28579,
                        1.29239,
                        1.36422,
                        1.37808,
                        2.475
                    ]
                },
                "h2d": {
                    "samples": 7,
                    "min_ms": 1.18008,
                    "median_ms": 1.38699,
                    "mean_ms": 1.3453,
                    "stddev_ms": 0.11212177104762991,
                    "p95_ms": 1.46399,
                    "max_ms": 1.48214,
                    "raw_ms": [
                        1.18008,
                        1.19526,
                        1.31263,
                        1.38699,
                        1.39601,
                        1.46399,
                        1.48214
                    ]
                },
                "gpu_operation": {
                    "samples": 7,
                    "min_ms": 2.4398,
                    "median_ms": 3.00344,
                    "mean_ms": 3.5440742857142857,
                    "stddev_ms": 1.4758799400440707,
                    "p95_ms": 3.44795,
                    "max_ms": 7.0785,
                    "raw_ms": [
                        2.4398,
                        2.75396,
                        2.81127,
                        3.00344,
                        3.2736,
                        3.44795,
                        7.0785
                    ]
                },
                "d2h": {
                    "samples": 7,
                    "min_ms": 0.7491,
                    "median_ms": 0.84392,