{
    "schema_version": 1,
    "label": "before",
    "created_utc": "2026-07-18T21:14:53+00:00",
    "environment": {
        "php": "8.4.16",
        "zmatrix": "0.4.0-float",
        "gpu": "NVIDIA GeForce RTX 3060, 576.02"
    },
    "methodology": {
        "warmups": 3,
        "repetitions": 7,
        "validation": "CPU reference required"
    },
    "records": [
        {
            "operation": "sqrt",
            "shape": [
                1024,
                1024
            ],
            "gpu_result_resident_before_d2h": false,
            "validation": {
                "valid": true,
                "max_abs_error": 0,
                "max_relative_error": 0,
                "atol": 3.0e-5,
                "rtol": 3.0e-5
            },
            "timings": {
                "cpu": {
                    "samples": 7,
                    "min_ms": 1.11441,
                    "median_ms": 1.42681,
                    "mean_ms": 1.72172,
                    "stddev_ms": 0.7896233586789518,
                    "p95_ms": 1.7776,
                    "max_ms": 3.59722,
                    "raw_ms": [
                        1.11441,
                        1.23321,
                        1.41064,
                        1.42681,
                        1.49215,
                        1.7776,
                        3.59722
                    ]
                },
                "h2d": {
                    "samples": 7,
                    "min_ms": 0.99462,
                    "median_ms": 1.14906,
                    "mean_ms": 85.61581285714286,
                    "stddev_ms": 206.46002561164576,
                    "p95_ms": 2.30549,
                    "max_ms": 591.33646,
                    "raw_ms": [
                        0.99462,
                        1.02212,
                        1.08383,
                        1.14906,
                        1.41911,
                        2.30549,
                        591.33646
                    ]
                },
                "gpu_operation": {
                    "samples": 7,
                    "min_ms": 1.35619,
                    "median_ms": 1.48819,
                    "mean_ms": 1.5568457142857142,
                    "stddev_ms": 0.2302147576786971,
                    "p95_ms": 1.80884,
                    "max_ms": 1.99485,
                    "raw_ms": [
                        1.35619,
                        1.36818,
                        1.37698,
                        1.48819,
                        1.50469,
                        1.80884,
                        1.99485
                    ]
                },
                "d2h": {
                    "samples": 7,
                    "min_ms": 0.00462,
                    "median_ms": 0.00638,
                    "mean_ms": 0.006317142857142859,
                    "stddev_ms": 0.0012033490680562464,
                    "p95_ms": 0.0077,
                    "max_ms": 0.00792,
                    "raw_ms": [
                        0.00462,
                        0.00506,
                        0.0055,
                        0.00638,
                        0.00704,
                        0.0077,
                        0.00792
                    ]
                },
                "gpu_end_to_end": {
                    "samples": 7,
                    "min_ms": 2.10474,
                    "median_ms": 2.84394,
                    "mean_ms": 3.0175199999999998,
                    "stddev_ms": 0.5562910291513659,
                    "p95_ms": 3.57764,
                    "max_ms": 3.94053,
                    "raw_ms": [
                        2.10474,
                        2.72448,
                        2.81402,
                        2.84394,
                        3.11729,
                        3.57764,
                        3.94053
                    ]
                }
            }
        },
        {
            "operation": "clip",
            "shape": [
                1024,
                1024
            ],
            "gpu_result_resident_before_d2h": false,
            "validation": {
                "valid": true,
                "max_abs_error": 0,
                "max_relative_error": 0,
                "atol": 0,
                "rtol": 0
            },
            "timings": {
                "cpu": {
                    "samples": 7,
                    "min_ms": 1.59357,
                    "median_ms": 1.68344,
                    "mean_ms": 2.042181428571429,
                    "stddev_ms": 0.7104974379450856,
                    "p95_ms": 2.08857,
                    "max_ms": 3.73373,
                    "raw_ms": [
                        1.59357,
                        1.62272,
                        1.65693,
                        1.68344,
                        1.91631,
                        2.08857,
                        3.73373
                    ]
                },
                "h2d": {
                    "samples": 7,
                    "min_ms": 0.99297,
                    "median_ms": 1.19064,
                    "mean_ms": 1.3034214285714285,
                    "stddev_ms": 0.2850047975249625,
                    "p95_ms": 1.5158,
                    "max_ms": 1.88177,
                    "raw_ms": [
                        0.99297,
                        1.07536,
                        1.13839,
                        1.19064,
                        1.32902,
                        1.5158,
                        1.88177
                    ]
                },
                "gpu_operation": {
                    "samples": 7,
                    "min_ms": 2.43793,
                    "median_ms": 2.71458,
                    "mean_ms": 2.8268114285714288,
                    "stddev_ms": 0.2681683378790575,
                    "p95_ms": 3.06262,
                    "max_ms": 3.23334,
                    "raw_ms": [
                        2.43793,
                        2.61217,
                        2.67652,
                        2.71458,
                        3.05052,
                        3.06262,
                        3.23334
                    ]
                },
                "d2h": {
                    "samples": 7,
                    "min_ms": 0.00517,
                    "median_ms": 0.0066,
                    "mean_ms": 0.006631428571428571,
                    "stddev_ms": 0.0008474066079419449,
                    "p95_ms": 0.00704,
                    "max_ms": 0.00814,
                    "raw_ms": [
                        0.00517,
                        0.00605,
                        0.00649,
                        0.0066,
                        0.00693,
                        0.00704,
                        0.00814
                    ]
                },
                "gpu_end_to_end": {
                    "samples": 7,
                    "min_ms": 3.7422,
                    "median_ms": 3.99058,
                    "mean_ms": 4.090978571428571,
                    "stddev_ms": 0.27301000721734786,
                    "p95_ms": 4.47315,
                    "max_ms": 4.51352,
                    "raw_ms": [
                        3.7422,
                        3.87475,
                        3.95439,
                        3.99058,
                        4.08826,
                        4.47315,
                        4.51352
                    ]
                }
            }
        },
        {
            "operation": "softmax",
            "shape": [
                4096,
                256
            ],
            "gpu_result_resident_before_d2h": false,
            "validation": {
                "valid": true,
                "max_abs_error": 0,
                "max_relative_error": 0,
                "atol": 5.0e-5,
                "rtol": 5.0e-5
            },