{
    "environment": {
        "timestamp": "2026-07-18T23:32:12+00:00",
        "warmups": 3,
        "repetitions": 15,
        "allocator": "legacy",
        "commit": "683d3653420cde21dbf064a695bffccffb2def74",
        "binary_sha256": "ac96ac3b347ee54b8e59bef5c874a5c654f6c20384c35e4c371284a3bace64cf",
        "php_memory_bytes": 2097152,
        "php_peak_bytes": 2097152,
        "rss_bytes": 269684736
    },
    "results": {
        "greater_1m": {
            "cold_ms": 3.7642,
            "operation": {
                "min_ms": 1.02047,
                "p25_ms": 1.0585849999999999,
                "median_ms": 1.0857,
                "p75_ms": 1.12684,
                "max_ms": 2.05513,
                "mad_ms": 0.03179000000000021,
                "samples_ms": [
                    1.0373,
                    1.09142,
                    1.06326,
                    1.06546,
                    1.05391,
                    2.05513,
                    1.45332,
                    1.11386,
                    1.07833,
                    1.10737,
                    1.05127,
                    1.02047,
                    1.1935,
                    1.0857,
                    1.13982
                ]
            },
            "destruction": {
                "min_ms": 0.14641,
                "p25_ms": 0.154495,
                "median_ms": 0.16445,
                "p75_ms": 0.16780499999999998,
                "max_ms": 0.25333,
                "mad_ms": 0.008140000000000008,
                "samples_ms": [
                    0.16687,
                    0.16049,
                    0.14971,
                    0.17941,
                    0.16445,
                    0.25333,
                    0.15631,
                    0.15268,
                    0.16302,
                    0.18095,
                    0.15147,
                    0.16687,
                    0.14641,
                    0.16456,
                    0.16874
                ]
            },
            "gc": {
                "min_ms": 0.00187,
                "p25_ms": 0.00231,
                "median_ms": 0.00264,
                "p75_ms": 0.002805,
                "max_ms": 0.00407,
                "mad_ms": 0.00033,
                "samples_ms": [
                    0.00396,
                    0.00264,
                    0.00242,
                    0.00231,
                    0.00275,
                    0.00407,
                    0.00341,
                    0.00253,
                    0.00231,
                    0.00264,
                    0.00231,
                    0.00187,
                    0.00286,
                    0.00231,
                    0.00275
                ]
            }
        },
        "tile_1024sq_x2": {
            "cold_ms": 1.66331,
            "operation": {
                "min_ms": 1.18712,
                "p25_ms": 1.29404,
                "median_ms": 1.55353,
                "p75_ms": 1.74482,
                "max_ms": 2.07526,
                "mad_ms": 0.2882,
                "samples_ms": [
                    1.26533,
                    1.18712,
                    1.92335,
                    1.61249,
                    1.507,
                    1.9899,
                    2.07526,
                    1.62316,
                    1.32275,
                    1.2617,
                    1.2001,
                    1.32572,
                    1.64076,
                    1.84888,
                    1.55353
                ]
            },
            "destruction": {
                "min_ms": 0.16192,
                "p25_ms": 0.231165,
                "median_ms": 0.26499,
                "p75_ms": 0.310585,
                "max_ms": 0.59851,
                "mad_ms": 0.03728999999999999,
                "samples_ms": [
                    0.16192,
                    0.2277,
                    0.32109,
                    0.27819,
                    0.41195,
                    0.51337,
                    0.30008,
                    0.26235,
                    0.23463,
                    0.22737,
                    0.22748,
                    0.27687,
                    0.59851,
                    0.26499,
                    0.26213
                ]
            },
            "gc": {
                "min_ms": 0.00242,
                "p25_ms": 0.002805,
                "median_ms": 0.00396,
                "p75_ms": 0.00451,
                "max_ms": 0.00484,
                "mad_ms": 0.0007699999999999999,
                "samples_ms": [
                    0.00451,
                    0.00242,
                    0.00451,
                    0.00286,
                    0.00451,
                    0.00473,
                    0.0044,
                    0.0033,
                    0.00275,
                    0.00253,
                    0.00275,
                    0.00319,
                    0.00484,
                    0.00396,
                    0.00429
                ]
            }
        },
        "cumsum_1m": {
            "cold_ms": 1.94128,
            "operation": {
                "min_ms": 0.85437,
                "p25_ms": 0.93346,
                "median_ms": 0.9559,
                "p75_ms": 1.01376,
                "max_ms": 2.57631,
                "mad_ms": 0.05510999999999999,
                "samples_ms": [
                    1.0131,
                    1.06359,
                    0.9559,
                    2.57631,
                    1.28139,
                    1.01442,
                    0.95524,
                    0.87923,
                    1.01101,
                    0.96151,
                    0.85437,
                    0.91883,
                    0.93368,
                    0.93324,
                    0.93632
                ]
            },
            "destruction": {
                "min_ms": 0.11484,
                "p25_ms": 0.12446499999999999,
                "median_ms": 0.13189,
                "p75_ms": 0.14322000000000001,
                "max_ms": 0.17765,
                "mad_ms": 0.009790000000000007,
                "samples_ms": [
                    0.13002,
                    0.14124,
                    0.12683,
                    0.17765,
                    0.13552,
                    0.12925,
                    0.11484,
                    0.1221,
                    0.11726,
                    0.13189,
                    0.11517,
                    0.17083,
                    0.16357,
                    0.1452,
                    0.13706
                ]
            },
            "gc": {
                "min_ms": 0.00154,
                "p25_ms": 0.002365,
                "median_ms": 0.00253,
                "p75_ms": 0.002915,
                "max_ms": 0.00473,
                "mad_ms": 0.00033,
                "samples_ms": [
                    0.0033,
                    0.00286,
                    0.00231,
                    0.00473,
                    0.00297,
                    0.00165,
                    0.0022,
                    0.00253,
                    0.00286,
                    0.00242,
                    0.00154,
                    0.00242,
                    0.00297,
                    0.00275,
                    0.00242
                ]
            }
        },
        "dot_1m": {
            "cold_ms": 14.71052,
            "operation": {
                "min_ms": 0.11066,
                "p25_ms": 0.13123,
                "median_ms": 0.1485,
                "p75_ms": 0.219395,
                "max_ms": 0.40711,
                "mad_ms": 0.03784,