{
    "environment": {
        "timestamp": "2026-07-18T23:53:10+00:00",
        "warmups": 3,
        "repetitions": 15,
        "allocator": "legacy",
        "commit": "e8b9366ad768d4871fa04887cc0dee3269797cc9",
        "binary_sha256": "ad3ed77ef41feb8d8dee127668067e7676ed268f744f8f0c45a89b16dd2530bb",
        "php_memory_bytes": 2097152,
        "php_peak_bytes": 2097152,
        "rss_bytes": 269676544
    },
    "results": {
        "greater_1m": {
            "cold_ms": 1.66166,
            "operation": {
                "min_ms": 1.09637,
                "p25_ms": 1.14543,
                "median_ms": 1.16534,
                "p75_ms": 1.2804000000000002,
                "max_ms": 1.84701,
                "mad_ms": 0.05950999999999995,
                "samples_ms": [
                    1.11298,
                    1.15005,
                    1.09637,
                    1.26896,
                    1.29184,
                    1.1044,
                    1.84701,
                    1.74823,
                    1.30592,
                    1.22485,
                    1.16534,
                    1.16369,
                    1.14807,
                    1.14279,
                    1.17964
                ]
            },
            "destruction": {
                "min_ms": 0.15862,
                "p25_ms": 0.16401,
                "median_ms": 0.16863,
                "p75_ms": 0.19184,
                "max_ms": 0.45738,
                "mad_ms": 0.008800000000000002,
                "samples_ms": [
                    0.18084,
                    0.16863,
                    0.16731,
                    0.24497,
                    0.16951,
                    0.16643,
                    0.26807,
                    0.45738,
                    0.15862,
                    0.1628,
                    0.15983,
                    0.18843,
                    0.15994,
                    0.16522,
                    0.19525
                ]
            },
            "gc": {
                "min_ms": 0.00253,
                "p25_ms": 0.002805,
                "median_ms": 0.0033,
                "p75_ms": 0.0040149999999999995,
                "max_ms": 0.00605,
                "mad_ms": 0.0005500000000000001,
                "samples_ms": [
                    0.00473,
                    0.00385,
                    0.00253,
                    0.00407,
                    0.00319,
                    0.00275,
                    0.00605,
                    0.00429,
                    0.00396,
                    0.00275,
                    0.00341,
                    0.0033,
                    0.00286,
                    0.00264,
                    0.00297
                ]
            }
        },
        "tile_1024sq_x2": {
            "cold_ms": 1.61183,
            "operation": {
                "min_ms": 1.36576,
                "p25_ms": 1.55221,
                "median_ms": 1.64274,
                "p75_ms": 1.948595,
                "max_ms": 2.4343,
                "mad_ms": 0.16852,
                "samples_ms": [
                    1.42208,
                    1.36576,
                    2.38007,
                    1.65154,
                    2.4343,
                    1.82875,
                    1.56783,
                    1.55199,
                    1.54077,
                    1.60303,
                    1.55243,
                    2.1967,
                    2.06844,
                    1.81126,
                    1.64274
                ]
            },
            "destruction": {
                "min_ms": 0.16027,
                "p25_ms": 0.267135,
                "median_ms": 0.30426,
                "p75_ms": 0.32725000000000004,
                "max_ms": 0.44176,
                "mad_ms": 0.03453999999999996,
                "samples_ms": [
                    0.16324,
                    0.16027,
                    0.31735,
                    0.31603,
                    0.42097,
                    0.30679,
                    0.25993,
                    0.26972,
                    0.27478,
                    0.27709,
                    0.26455,
                    0.44176,
                    0.38808,
                    0.33715,
                    0.30426
                ]
            },
            "gc": {
                "min_ms": 0.00253,
                "p25_ms": 0.003025,
                "median_ms": 0.00363,
                "p75_ms": 0.004235,
                "max_ms": 0.00484,
                "mad_ms": 0.00066,
                "samples_ms": [
                    0.00484,
                    0.00286,
                    0.00385,
                    0.00418,
                    0.00484,
                    0.00407,
                    0.00319,
                    0.00253,
                    0.00264,
                    0.00319,
                    0.00297,
                    0.00451,
                    0.00429,
                    0.00363,
                    0.00308
                ]
            }
        },
        "cumsum_1m": {
            "cold_ms": 2.06118,
            "operation": {
                "min_ms": 1.09021,
                "p25_ms": 1.19174,
                "median_ms": 1.27952,
                "p75_ms": 1.4123999999999999,
                "max_ms": 2.16249,
                "mad_ms": 0.09460000000000002,
                "samples_ms": [
                    1.75857,
                    1.48731,
                    1.33749,
                    1.2067,
                    1.18492,
                    1.14268,
                    1.27952,
                    1.15753,
                    1.19856,
                    2.16249,
                    1.51184,
                    1.23486,
                    1.28491,
                    1.09021,
                    1.29173
                ]
            },
            "destruction": {
                "min_ms": 0.15444,
                "p25_ms": 0.166375,
                "median_ms": 0.16962,
                "p75_ms": 0.19211499999999998,
                "max_ms": 0.43527,
                "mad_ms": 0.00714999999999999,
                "samples_ms": [
                    0.26719,
                    0.16874,
                    0.19316,
                    0.17468,
                    0.15895,
                    0.16588,
                    0.15444,
                    0.19107,
                    0.17105,
                    0.25256,
                    0.43527,
                    0.16731,
                    0.16687,
                    0.16962,
                    0.16247
                ]
            },
            "gc": {
                "min_ms": 0.00242,
                "p25_ms": 0.00286,
                "median_ms": 0.00308,
                "p75_ms": 0.003685,
                "max_ms": 0.00572,
                "mad_ms": 0.00022000000000000014,
                "samples_ms": [
                    0.00572,
                    0.00407,
                    0.00319,
                    0.00286,
                    0.00286,
                    0.00253,
                    0.00242,
                    0.00275,
                    0.0033,
                    0.0044,
                    0.00462,
                    0.00308,
                    0.00308,
                    0.00286,
                    0.00308
                ]
            }
        },
        "dot_1m": {
            "cold_ms": 14.96737,
            "operation": {
                "min_ms": 0.1023,
                "p25_ms": 0.18843,
                "median_ms": 0.19393,
                "p75_ms": 0.23881000000000002,
                "max_ms": 0.62238,
                "mad_ms": 0.006489999999999996,