{
    "environment": {
        "timestamp": "2026-07-18T23:53:11+00:00",
        "warmups": 3,
        "repetitions": 15,
        "allocator": "auto",
        "commit": "e8b9366ad768d4871fa04887cc0dee3269797cc9",
        "binary_sha256": "ad3ed77ef41feb8d8dee127668067e7676ed268f744f8f0c45a89b16dd2530bb",
        "php_memory_bytes": 2097152,
        "php_peak_bytes": 2097152,
        "rss_bytes": 285134848
    },
    "results": {
        "greater_1m": {
            "cold_ms": 0.49225,
            "operation": {
                "min_ms": 0.13915,
                "p25_ms": 0.152405,
                "median_ms": 0.15356,
                "p75_ms": 0.155925,
                "max_ms": 0.19415,
                "mad_ms": 0.0017600000000000116,
                "samples_ms": [
                    0.15356,
                    0.13948,
                    0.18161,
                    0.13915,
                    0.15543,
                    0.15191,
                    0.15488,
                    0.154,
                    0.1518,
                    0.15642,
                    0.15301,
                    0.1529,
                    0.19415,
                    0.15928,
                    0.15334
                ]
            },
            "destruction": {
                "min_ms": 0.00154,
                "p25_ms": 0.00165,
                "median_ms": 0.00165,
                "p75_ms": 0.00176,
                "max_ms": 0.00473,
                "mad_ms": 0,
                "samples_ms": [
                    0.00176,
                    0.00176,
                    0.00176,
                    0.00473,
                    0.00154,
                    0.00165,
                    0.00165,
                    0.00165,
                    0.00165,
                    0.00165,
                    0.00165,
                    0.00176,
                    0.00176,
                    0.00165,
                    0.00165
                ]
            },
            "gc": {
                "min_ms": 0.00099,
                "p25_ms": 0.00099,
                "median_ms": 0.0011,
                "p75_ms": 0.0011,
                "max_ms": 0.00143,
                "mad_ms": 0.00011000000000000007,
                "samples_ms": [
                    0.00143,
                    0.0011,
                    0.00099,
                    0.00099,
                    0.00099,
                    0.00099,
                    0.0011,
                    0.0011,
                    0.00132,
                    0.00099,
                    0.00099,
                    0.00099,
                    0.00132,
                    0.0011,
                    0.0011
                ]
            }
        },
        "tile_1024sq_x2": {
            "cold_ms": 0.20779,
            "operation": {
                "min_ms": 0.198,
                "p25_ms": 0.20944000000000002,
                "median_ms": 0.21384,
                "p75_ms": 0.219615,
                "max_ms": 0.25344,
                "mad_ms": 0.00495000000000001,
                "samples_ms": [
                    0.21087,
                    0.20889,
                    0.22847,
                    0.198,
                    0.21461,
                    0.20999,
                    0.21802,
                    0.22275,
                    0.21384,
                    0.20867,
                    0.21318,
                    0.20812,
                    0.25344,
                    0.22121,
                    0.21384
                ]
            },
            "destruction": {
                "min_ms": 0.00154,
                "p25_ms": 0.00165,
                "median_ms": 0.00165,
                "p75_ms": 0.00176,
                "max_ms": 0.0022,
                "mad_ms": 0,
                "samples_ms": [
                    0.00176,
                    0.00154,
                    0.00165,
                    0.0022,
                    0.00165,
                    0.00165,
                    0.00176,
                    0.00165,
                    0.00176,
                    0.00154,
                    0.00165,
                    0.00165,
                    0.00176,
                    0.00165,
                    0.00165
                ]
            },
            "gc": {
                "min_ms": 0.00088,
                "p25_ms": 0.00099,
                "median_ms": 0.0011,
                "p75_ms": 0.001155,
                "max_ms": 0.00187,
                "mad_ms": 0.00011000000000000007,
                "samples_ms": [
                    0.00187,
                    0.0011,
                    0.00099,
                    0.0011,
                    0.00099,
                    0.00099,
                    0.00088,
                    0.00099,
                    0.0011,
                    0.00121,
                    0.00099,
                    0.0011,
                    0.00154,
                    0.00165,
                    0.00099
                ]
            }
        },
        "cumsum_1m": {
            "cold_ms": 0.94457,
            "operation": {
                "min_ms": 0.0352,
                "p25_ms": 0.037015,
                "median_ms": 0.03861,
                "p75_ms": 0.04147,
                "max_ms": 0.06424,
                "mad_ms": 0.0018699999999999967,
                "samples_ms": [
                    0.06281,
                    0.04345,
                    0.03663,
                    0.03762,
                    0.03894,
                    0.03674,
                    0.03597,
                    0.0352,
                    0.06424,
                    0.04279,
                    0.03861,
                    0.04015,
                    0.03729,
                    0.03861,
                    0.03751
                ]
            },
            "destruction": {
                "min_ms": 0.00121,
                "p25_ms": 0.00132,
                "median_ms": 0.00132,
                "p75_ms": 0.00143,
                "max_ms": 0.00165,
                "mad_ms": 0,
                "samples_ms": [
                    0.00165,
                    0.00143,
                    0.00132,
                    0.00132,
                    0.00132,
                    0.00132,
                    0.00132,
                    0.00121,
                    0.00165,
                    0.00143,
                    0.00143,
                    0.00132,
                    0.00132,
                    0.00143,
                    0.00132
                ]
            },
            "gc": {
                "min_ms": 0.00055,
                "p25_ms": 0.00066,
                "median_ms": 0.00066,
                "p75_ms": 0.00066,
                "max_ms": 0.00176,
                "mad_ms": 0,
                "samples_ms": [
                    0.00176,
                    0.00088,
                    0.00066,
                    0.00066,
                    0.00066,
                    0.00066,
                    0.00066,
                    0.00066,
                    0.0011,
                    0.00066,
                    0.00066,
                    0.00066,
                    0.00055,
                    0.00066,
                    0.00066
                ]
            }
        },
        "dot_1m": {
            "cold_ms": 13.86814,
            "operation": {
                "min_ms": 0.19349,
                "p25_ms": 0.23859,
                "median_ms": 0.30019,
                "p75_ms": 0.36201,
                "max_ms": 1.14202,
                "mad_ms": 0.06259,