{
    "environment": {
        "timestamp": "2026-07-18T23:41:27+00:00",
        "warmups": 3,
        "repetitions": 15,
        "allocator": "auto",
        "commit": "3a8f2305a6a4add6dedc1d06169a11ef8930d871",
        "binary_sha256": "3e0f6db73af33b95dcb06bdb6a512f0913df3c6782c1bb091486361bf7bb88b0",
        "php_memory_bytes": 2097152,
        "php_peak_bytes": 2097152,
        "rss_bytes": 284872704
    },
    "results": {
        "greater_1m": {
            "cold_ms": 5.10543,
            "operation": {
                "min_ms": 0.02464,
                "p25_ms": 0.02871,
                "median_ms": 0.02948,
                "p75_ms": 0.030195,
                "max_ms": 0.04763,
                "mad_ms": 0.0007699999999999999,
                "samples_ms": [
                    0.03025,
                    0.03245,
                    0.04763,
                    0.03883,
                    0.02574,
                    0.02464,
                    0.02871,
                    0.03014,
                    0.02882,
                    0.02871,
                    0.02926,
                    0.02948,
                    0.03003,
                    0.02849,
                    0.0297
                ]
            },
            "destruction": {
                "min_ms": 0.00121,
                "p25_ms": 0.00121,
                "median_ms": 0.00121,
                "p75_ms": 0.00132,
                "max_ms": 0.00165,
                "mad_ms": 0,
                "samples_ms": [
                    0.00143,
                    0.00132,
                    0.00165,
                    0.00143,
                    0.00121,
                    0.00121,
                    0.00121,
                    0.00132,
                    0.00121,
                    0.00121,
                    0.00121,
                    0.00121,
                    0.00121,
                    0.00121,
                    0.00132
                ]
            },
            "gc": {
                "min_ms": 0.00055,
                "p25_ms": 0.00055,
                "median_ms": 0.00066,
                "p75_ms": 0.0007149999999999999,
                "max_ms": 0.00132,
                "mad_ms": 0.00010999999999999996,
                "samples_ms": [
                    0.00132,
                    0.00077,
                    0.00099,
                    0.00077,
                    0.00066,
                    0.00055,
                    0.00055,
                    0.00066,
                    0.00055,
                    0.00055,
                    0.00055,
                    0.00066,
                    0.00055,
                    0.00066,
                    0.00055
                ]
            }
        },
        "tile_1024sq_x2": {
            "cold_ms": 0.06457,
            "operation": {
                "min_ms": 0.03366,
                "p25_ms": 0.03553,
                "median_ms": 0.03608,
                "p75_ms": 0.037290000000000004,
                "max_ms": 0.55616,
                "mad_ms": 0.0007699999999999999,
                "samples_ms": [
                    0.03674,
                    0.55616,
                    0.04565,
                    0.03366,
                    0.0374,
                    0.03542,
                    0.03531,
                    0.03432,
                    0.03608,
                    0.03718,
                    0.03564,
                    0.03597,
                    0.03564,
                    0.05258,
                    0.03641
                ]
            },
            "destruction": {
                "min_ms": 0.00121,
                "p25_ms": 0.00121,
                "median_ms": 0.00132,
                "p75_ms": 0.00132,
                "max_ms": 0.00198,
                "mad_ms": 0.00011000000000000007,
                "samples_ms": [
                    0.00132,
                    0.00198,
                    0.00143,
                    0.00121,
                    0.00121,
                    0.00132,
                    0.00121,
                    0.00132,
                    0.00121,
                    0.00132,
                    0.00121,
                    0.00132,
                    0.00121,
                    0.00132,
                    0.00132
                ]
            },
            "gc": {
                "min_ms": 0.00055,
                "p25_ms": 0.00066,
                "median_ms": 0.00066,
                "p75_ms": 0.00077,
                "max_ms": 0.00187,
                "mad_ms": 0,
                "samples_ms": [
                    0.0011,
                    0.00187,
                    0.00077,
                    0.00066,
                    0.00055,
                    0.00055,
                    0.00066,
                    0.00066,
                    0.00066,
                    0.00066,
                    0.00066,
                    0.00066,
                    0.00066,
                    0.00077,
                    0.00077
                ]
            }
        },
        "cumsum_1m": {
            "cold_ms": 1.83315,
            "operation": {
                "min_ms": 0.03663,
                "p25_ms": 0.03707,
                "median_ms": 0.03773,
                "p75_ms": 0.037895,
                "max_ms": 0.03872,
                "mad_ms": 0.0005500000000000019,
                "samples_ms": [
                    0.03718,
                    0.03663,
                    0.03762,
                    0.03828,
                    0.03773,
                    0.03806,
                    0.03872,
                    0.03795,
                    0.03784,
                    0.03663,
                    0.03685,
                    0.03707,
                    0.03707,
                    0.03773,
                    0.03773
                ]
            },
            "destruction": {
                "min_ms": 0.00132,
                "p25_ms": 0.00132,
                "median_ms": 0.00132,
                "p75_ms": 0.00132,
                "max_ms": 0.00154,
                "mad_ms": 0,
                "samples_ms": [
                    0.00132,
                    0.00132,
                    0.00132,
                    0.00132,
                    0.00132,
                    0.00143,
                    0.00154,
                    0.00132,
                    0.00132,
                    0.00132,
                    0.00132,
                    0.00132,
                    0.00143,
                    0.00132,
                    0.00132
                ]
            },
            "gc": {
                "min_ms": 0.00055,
                "p25_ms": 0.00066,
                "median_ms": 0.00066,
                "p75_ms": 0.00066,
                "max_ms": 0.00132,
                "mad_ms": 0,
                "samples_ms": [
                    0.00132,
                    0.00077,
                    0.00077,
                    0.00066,
                    0.00066,
                    0.00066,
                    0.00066,
                    0.00066,
                    0.00066,
                    0.00066,
                    0.00066,
                    0.00066,
                    0.00055,
                    0.00066,
                    0.00066
                ]
            }
        },
        "dot_1m": {
            "cold_ms": 19.91077,
            "operation": {
                "min_ms": 0.13167,
                "p25_ms": 0.15037,
                "median_ms": 0.16159,
                "p75_ms": 0.17753999999999998,
                "max_ms": 0.29293,
                "mad_ms": 0.013749999999999984,