{
    "environment": {
        "timestamp": "2026-07-18T23:32:13+00:00",
        "warmups": 3,
        "repetitions": 15,
        "allocator": "async",
        "commit": "683d3653420cde21dbf064a695bffccffb2def74",
        "binary_sha256": "ac96ac3b347ee54b8e59bef5c874a5c654f6c20384c35e4c371284a3bace64cf",
        "php_memory_bytes": 2097152,
        "php_peak_bytes": 2097152,
        "rss_bytes": 284844032
    },
    "results": {
        "greater_1m": {
            "cold_ms": 1.26698,
            "operation": {
                "min_ms": 0.02387,
                "p25_ms": 0.026455,
                "median_ms": 0.02728,
                "p75_ms": 0.028435000000000002,
                "max_ms": 0.0429,
                "mad_ms": 0.0011000000000000003,
                "samples_ms": [
                    0.02849,
                    0.0429,
                    0.02926,
                    0.02772,
                    0.02937,
                    0.02629,
                    0.02387,
                    0.02838,
                    0.02662,
                    0.02761,
                    0.02486,
                    0.02695,
                    0.02596,
                    0.02728,
                    0.02684
                ]
            },
            "destruction": {
                "min_ms": 0.00121,
                "p25_ms": 0.00121,
                "median_ms": 0.00132,
                "p75_ms": 0.00132,
                "max_ms": 0.01826,
                "mad_ms": 0,
                "samples_ms": [
                    0.01826,
                    0.00132,
                    0.00132,
                    0.00132,
                    0.00132,
                    0.00132,
                    0.00121,
                    0.00132,
                    0.00121,
                    0.00121,
                    0.00121,
                    0.00121,
                    0.00132,
                    0.00121,
                    0.00132
                ]
            },
            "gc": {
                "min_ms": 0.00044,
                "p25_ms": 0.00055,
                "median_ms": 0.00055,
                "p75_ms": 0.00066,
                "max_ms": 0.0022,
                "mad_ms": 0,
                "samples_ms": [
                    0.0022,
                    0.00088,
                    0.00066,
                    0.00066,
                    0.00066,
                    0.00055,
                    0.00055,
                    0.00066,
                    0.00055,
                    0.00055,
                    0.00055,
                    0.00055,
                    0.00044,
                    0.00055,
                    0.00055
                ]
            }
        },
        "tile_1024sq_x2": {
            "cold_ms": 0.21725,
            "operation": {
                "min_ms": 0.03102,
                "p25_ms": 0.03399,
                "median_ms": 0.03564,
                "p75_ms": 0.036629999999999996,
                "max_ms": 0.06105,
                "mad_ms": 0.0015399999999999997,
                "samples_ms": [
                    0.0363,
                    0.05181,
                    0.03685,
                    0.03355,
                    0.03388,
                    0.03432,
                    0.06105,
                    0.0341,
                    0.03729,
                    0.03432,
                    0.03102,
                    0.03564,
                    0.03641,
                    0.03586,
                    0.03311
                ]
            },
            "destruction": {
                "min_ms": 0.00121,
                "p25_ms": 0.00132,
                "median_ms": 0.00132,
                "p75_ms": 0.00132,
                "max_ms": 0.00154,
                "mad_ms": 0,
                "samples_ms": [
                    0.00132,
                    0.00143,
                    0.00132,
                    0.00132,
                    0.00132,
                    0.00132,
                    0.00154,
                    0.00132,
                    0.00132,
                    0.00121,
                    0.00121,
                    0.00132,
                    0.00132,
                    0.00132,
                    0.00132
                ]
            },
            "gc": {
                "min_ms": 0.00055,
                "p25_ms": 0.00066,
                "median_ms": 0.00066,
                "p75_ms": 0.0007149999999999999,
                "max_ms": 0.00121,
                "mad_ms": 0,
                "samples_ms": [
                    0.00121,
                    0.00088,
                    0.00066,
                    0.00066,
                    0.00066,
                    0.00066,
                    0.0011,
                    0.00077,
                    0.00066,
                    0.00066,
                    0.00055,
                    0.00055,
                    0.00066,
                    0.00055,
                    0.00066
                ]
            }
        },
        "cumsum_1m": {
            "cold_ms": 2.13389,
            "operation": {
                "min_ms": 0.03256,
                "p25_ms": 0.034815,
                "median_ms": 0.03652,
                "p75_ms": 0.037015,
                "max_ms": 0.03751,
                "mad_ms": 0.0007699999999999999,
                "samples_ms": [
                    0.03432,
                    0.03476,
                    0.03729,
                    0.03652,
                    0.03586,
                    0.03751,
                    0.03487,
                    0.03696,
                    0.03718,
                    0.03256,
                    0.03696,
                    0.03366,
                    0.03564,
                    0.03707,
                    0.03663
                ]
            },
            "destruction": {
                "min_ms": 0.00132,
                "p25_ms": 0.00132,
                "median_ms": 0.00143,
                "p75_ms": 0.00143,
                "max_ms": 0.00154,
                "mad_ms": 0.00010999999999999985,
                "samples_ms": [
                    0.00143,
                    0.00143,
                    0.00143,
                    0.00154,
                    0.00132,
                    0.00143,
                    0.00132,
                    0.00132,
                    0.00143,
                    0.00143,
                    0.00143,
                    0.00132,
                    0.00132,
                    0.00132,
                    0.00132
                ]
            },
            "gc": {
                "min_ms": 0.00055,
                "p25_ms": 0.00055,
                "median_ms": 0.00055,
                "p75_ms": 0.00066,
                "max_ms": 0.00143,
                "mad_ms": 0,
                "samples_ms": [
                    0.00143,
                    0.00088,
                    0.00055,
                    0.00066,
                    0.00055,
                    0.00066,
                    0.00055,
                    0.00055,
                    0.00055,
                    0.00066,
                    0.00055,
                    0.00055,
                    0.00066,
                    0.00055,
                    0.00055
                ]
            }
        },
        "dot_1m": {
            "cold_ms": 16.82769,
            "operation": {
                "min_ms": 0.09383,
                "p25_ms": 0.117425,
                "median_ms": 0.1221,
                "p75_ms": 0.220385,
                "max_ms": 0.49038,
                "mad_ms": 0.02167000000000001,