{
    "environment": {
        "timestamp": "2026-07-18T23:27:35+00:00",
        "warmups": 3,
        "repetitions": 15,
        "allocator": "legacy",
        "commit": "683d3653420cde21dbf064a695bffccffb2def74",
        "binary_sha256": "a77c7f8ed5da03ecf48949d8d18ec5892a166ebc7314067a75ac0a31983d3b03",
        "php_memory_bytes": 2097152,
        "php_peak_bytes": 2097152,
        "rss_bytes": 303570944
    },
    "results": {
        "greater_1m": {
            "cold_ms": 18.31313,
            "operation": {
                "min_ms": 1.15907,
                "p25_ms": 1.21352,
                "median_ms": 1.27732,
                "p75_ms": 1.50073,
                "max_ms": 3.06878,
                "mad_ms": 0.1037300000000001,
                "samples_ms": [
                    1.27501,
                    1.63317,
                    1.3882,
                    1.26918,
                    1.39337,
                    1.27732,
                    1.60809,
                    3.06878,
                    1.35245,
                    1.93853,
                    1.23981,
                    1.17359,
                    1.17612,
                    1.15907,
                    1.18723
                ]
            },
            "destruction": {
                "min_ms": 0.13442,
                "p25_ms": 0.172755,
                "median_ms": 0.18986,
                "p75_ms": 0.25289,
                "max_ms": 0.30415,
                "mad_ms": 0.04047999999999999,
                "samples_ms": [
                    0.30415,
                    0.29568,
                    0.19954,
                    0.17831,
                    0.26884,
                    0.20867,
                    0.26092,
                    0.18986,
                    0.17127,
                    0.24486,
                    0.18183,
                    0.13442,
                    0.14289,
                    0.17424,
                    0.14938
                ]
            },
            "gc": {
                "min_ms": 0.00341,
                "p25_ms": 0.00396,
                "median_ms": 0.0044,
                "p75_ms": 0.004895,
                "max_ms": 0.00605,
                "mad_ms": 0.0004400000000000003,
                "samples_ms": [
                    0.00495,
                    0.00528,
                    0.0044,
                    0.00341,
                    0.0044,
                    0.00462,
                    0.00605,
                    0.00396,
                    0.00396,
                    0.00517,
                    0.00396,
                    0.00484,
                    0.00385,
                    0.00407,
                    0.00385
                ]
            }
        },
        "tile_1024sq_x2": {
            "cold_ms": 1.41636,
            "operation": {
                "min_ms": 1.35509,
                "p25_ms": 1.4911599999999998,
                "median_ms": 1.57817,
                "p75_ms": 1.68234,
                "max_ms": 2.07614,
                "mad_ms": 0.09933000000000014,
                "samples_ms": [
                    1.93721,
                    1.40162,
                    1.71831,
                    1.6313,
                    1.50348,
                    1.50524,
                    1.51338,
                    1.84052,
                    2.07614,
                    1.64637,
                    1.35509,
                    1.57817,
                    1.58895,
                    1.42461,
                    1.47884
                ]
            },
            "destruction": {
                "min_ms": 0.16808,
                "p25_ms": 0.254925,
                "median_ms": 0.26059,
                "p75_ms": 0.280555,
                "max_ms": 0.37829,
                "mad_ms": 0.01584000000000002,
                "samples_ms": [
                    0.18216,
                    0.16808,
                    0.29524,
                    0.26059,
                    0.25916,
                    0.29854,
                    0.28468,
                    0.37829,
                    0.26455,
                    0.27643,
                    0.24255,
                    0.27533,
                    0.25949,
                    0.26004,
                    0.25069
                ]
            },
            "gc": {
                "min_ms": 0.00363,
                "p25_ms": 0.00385,
                "median_ms": 0.00429,
                "p75_ms": 0.004675,
                "max_ms": 0.0055,
                "mad_ms": 0.0004400000000000003,
                "samples_ms": [
                    0.00495,
                    0.00385,
                    0.00462,
                    0.00363,
                    0.00418,
                    0.00385,
                    0.00429,
                    0.00506,
                    0.0055,
                    0.00451,
                    0.00385,
                    0.00396,
                    0.00385,
                    0.00473,
                    0.00451
                ]
            }
        },
        "cumsum_1m": {
            "cold_ms": 3.11806,
            "operation": {
                "min_ms": 1.09483,
                "p25_ms": 1.24531,
                "median_ms": 1.30548,
                "p75_ms": 1.4201000000000001,
                "max_ms": 1.86802,
                "mad_ms": 0.08162000000000003,
                "samples_ms": [
                    1.24696,
                    1.4531,
                    1.32506,
                    1.26951,
                    1.55595,
                    1.86802,
                    1.24366,
                    1.09483,
                    1.3871,
                    1.37027,
                    1.19746,
                    1.30548,
                    1.1825,
                    1.26368,
                    1.85042
                ]
            },
            "destruction": {
                "min_ms": 0.14454,
                "p25_ms": 0.160215,
                "median_ms": 0.16995,
                "p75_ms": 0.19745000000000001,
                "max_ms": 0.42735,
                "mad_ms": 0.015619999999999995,
                "samples_ms": [
                    0.16995,
                    0.15202,
                    0.16181,
                    0.17028,
                    0.23507,
                    0.20152,
                    0.15862,
                    0.17985,
                    0.23705,
                    0.15433,
                    0.16753,
                    0.16676,
                    0.14454,
                    0.19338,
                    0.42735
                ]
            },
            "gc": {
                "min_ms": 0.0033,
                "p25_ms": 0.0040149999999999995,
                "median_ms": 0.00418,
                "p75_ms": 0.004675,
                "max_ms": 0.00528,
                "mad_ms": 0.0004400000000000003,
                "samples_ms": [
                    0.00462,
                    0.00352,
                    0.00363,
                    0.00407,
                    0.00528,
                    0.00451,
                    0.00407,
                    0.0033,
                    0.00418,
                    0.00484,
                    0.00396,
                    0.00473,
                    0.00418,
                    0.00429,
                    0.00528
                ]
            }
        },
        "dot_1m": {
            "cold_ms": 16.94891,
            "operation": {
                "min_ms": 0.09537,
                "p25_ms": 0.11605,
                "median_ms": 0.1177,
                "p75_ms": 0.12287000000000001,
                "max_ms": 0.13596,
                "mad_ms": 0.0028600000000000014,